Workbook

Sheet 整体测评
A1: 序号 | B1: 层面（类） | C1: 测评指标 | D1: 符合情况 | H1: 测评单元得分Si,j | I1: 指标权重Wi,j | J1: 安全层面得分情况Si | K1: 安全层面权重Wi | L1: 总分S | M1: 安全层面实际权重 | N1: 符合情况 | O1: 所占分值 | P1: 已得分值 | Q1: 丢失分值
D2: 符合 | E2: 部分符合 | F2: 不符合 | G2: 不适用
A3: 1 | B3: 物理和环境安全 | C3: 身份鉴别 | D3: =IF(VLOOKUP($C$3,'1物理和环境安全'!$A$5:$L$19,12,FALSE)=D$2,"√","") | E3: =IF(VLOOKUP($C$3,'1物理和环境安全'!$A$5:$L$19,12,FALSE)=E2,"√","") | F3: =IF(VLOOKUP($C$3,'1物理和环境安全'!$A$5:$L$19,12,FALSE)=F$2,"√","") | G3: =IF(VLOOKUP($C$3,'1物理和环境安全'!$A$5:$L$19,12,FALSE)=G$2,"√","") | H3: =VLOOKUP($C$3,'1物理和环境安全'!A:L,11,0) | I3: 1 | J3: =IF(COUNTIF(H3:H5,"N/A")=COUNTA(H3:H5),"N/A",SUMPRODUCT(H3:H5,I3:I5)/SUMIF(H3:H5,"<>N/A",I3:I5)) | K3: 10 | L3: =SUM(IF(COUNTIF(J3:J24,"=N/A")=4,0,SUMPRODUCT(J3:J24,K3:K24)/SUMIF(J3:J24,"<>N/A",K3:K24)*70),IF(COUNTIF(J25:J43,"=N/A")=4,0,SUMPRODUCT(J25:J43,K25:K43)/SUMIF(J25:J43,"<>N/A",K25:K43)*30)) | M3: =IF(J3="N/A","N/A",10*70/SUMIF(J3:J24,"<>N/A",K3:K24)) | N3: =IF(D3="√","符合",IF(E3="√","部分符合",IF(F3="√","不符合","不适用"))) | O3: =IF(H3="N/A","N/A",M$3*I3/SUMIF(H$3:H$5,"<>N/A",I$3:I$5)) | P3: =IF(H3="N/A","N/A",H3*O3) | Q3: =IF(O3="N/A","N/A",O3-P3)
A4: 2 | C4: 电子门禁记录数据存储完整性 | D4: =IF(VLOOKUP($C$4,'1物理和环境安全'!$A$5:$L$19,12,FALSE)=D$2,"√","") | E4: =IF(VLOOKUP($C$4,'1物理和环境安全'!$A$5:$L$19,12,FALSE)=E$2,"√","") | F4: =IF(VLOOKUP($C$4,'1物理和环境安全'!$A$5:$L$19,12,FALSE)=F$2,"√","") | G4: =IF(VLOOKUP($C$4,'1物理和环境安全'!$A$5:$L$19,12,FALSE)=G$2,"√","") | H4: =VLOOKUP($C$4,'1物理和环境安全'!A:L,11,0) | I4: 0.7 | N4: =IF(D4="√","符合",IF(E4="√","部分符合",IF(F4="√","不符合","不适用"))) | O4: =IF(H4="N/A","N/A",M$3*I4/SUMIF(H$3:H$5,"<>N/A",I$3:I$5)) | P4: =IF(H4="N/A","N/A",H4*O4) | Q4: =IF(O4="N/A","N/A",O4-P4)
A5: 3 | C5: 视频监控记录数据存储完整性 | D5: =IF(VLOOKUP($C$5,'1物理和环境安全'!$A$5:$L$19,12,FALSE)=D$2,"√","") | E5: =IF(VLOOKUP($C$5,'1物理和环境安全'!$A$5:$L$19,12,FALSE)=E$2,"√","") | F5: =IF(VLOOKUP($C$5,'1物理和环境安全'!$A$5:$L$19,12,FALSE)=F$2,"√","") | G5: =IF(VLOOKUP($C$5,'1物理和环境安全'!$A$5:$L$19,12,FALSE)=G$2,"√","") | H5: =VLOOKUP($C$5,'1物理和环境安全'!A:L,11,0) | I5: 0.7 | N5: =IF(D5="√","符合",IF(E5="√","部分符合",IF(F5="√","不符合","不适用"))) | O5: =IF(H5="N/A","N/A",M$3*I5/SUMIF(H$3:H$5,"<>N/A",I$3:I$5)) | P5: =IF(H5="N/A","N/A",H5*O5) | Q5: =IF(O5="N/A","N/A",O5-P5)
A6: 4 | B6: 网络和通信安全 | C6: 身份鉴别 | D6: =IF(VLOOKUP($C$6,'2网络和通信安全 '!$A$5:$L$110,12,FALSE)=D$2,"√","") | E6: =IF(VLOOKUP($C$6,'2网络和通信安全 '!$A$5:$L$110,12,FALSE)=E$2,"√","") | F6: =IF(VLOOKUP($C$6,'2网络和通信安全 '!$A$5:$L$110,12,FALSE)=F$2,"√","") | G6: =IF(VLOOKUP($C$6,'2网络和通信安全 '!$A$5:$L$110,12,FALSE)=G$2,"√","") | H6: =VLOOKUP($C$6,'2网络和通信安全 '!A:L,11,0) | I6: 1 | J6: =IF(COUNTIF(H6:H10,"N/A")=COUNTA(H6:H10),"N/A",SUMPRODUCT(H6:H10,I6:I10)/SUMIF(H6:H10,"<>N/A",I6:I10)) | K6: 20 | M6: =IF(J6="N/A","N/A",20*70/SUMIF(J3:J24,"<>N/A",K3:K24)) | N6: =IF(D6="√","符合",IF(E6="√","部分符合",IF(F6="√","不符合","不适用"))) | O6: =IF(H6="N/A","N/A",M$6*I6/SUMIF(H$6:H$10,"<>N/A",I$6:I$10)) | P6: =IF(H6="N/A","N/A",H6*O6) | Q6: =IF(O6="N/A","N/A",O6-P6)
A7: 5 | C7: 通信数据完整性 | D7: =IF(VLOOKUP($C$7,'2网络和通信安全 '!$A$5:$L$110,12,FALSE)=D$2,"√","") | E7: =IF(VLOOKUP($C$7,'2网络和通信安全 '!$A$5:$L$110,12,FALSE)=E$2,"√","") | F7: =IF(VLOOKUP($C$7,'2网络和通信安全 '!$A$5:$L$110,12,FALSE)=F$2,"√","") | G7: =IF(VLOOKUP($C$7,'2网络和通信安全 '!$A$5:$L$110,12,FALSE)=G$2,"√","") | H7: =VLOOKUP($C$7,'2网络和通信安全 '!A:L,11,0) | I7: 0.7 | N7: =IF(D7="√","符合",IF(E7="√","部分符合",IF(F7="√","不符合","不适用"))) | O7: =IF(H7="N/A","N/A",M$6*I7/SUMIF(H$6:H$10,"<>N/A",I$6:I$10)) | P7: =IF(H7="N/A","N/A",H7*O7) | Q7: =IF(O7="N/A","N/A",O7-P7)
A8: 6 | C8: 通信过程中重要数据的机密性 | D8: =IF(VLOOKUP($C$8,'2网络和通信安全 '!$A$5:$L$110,12,FALSE)=D$2,"√","") | E8: =IF(VLOOKUP($C$8,'2网络和通信安全 '!$A$5:$L$110,12,FALSE)=E$2,"√","") | F8: =IF(VLOOKUP($C$8,'2网络和通信安全 '!$A$5:$L$110,12,FALSE)=F$2,"√","") | G8: =IF(VLOOKUP($C$8,'2网络和通信安全 '!$A$5:$L$110,12,FALSE)=G$2,"√","") | H8: =VLOOKUP($C$8,'2网络和通信安全 '!A:L,11,0) | I8: 1 | N8: =IF(D8="√","符合",IF(E8="√","部分符合",IF(F8="√","不符合","不适用"))) | O8: =IF(H8="N/A","N/A",M$6*I8/SUMIF(H$6:H$10,"<>N/A",I$6:I$10)) | P8: =IF(H8="N/A","N/A",H8*O8) | Q8: =IF(O8="N/A","N/A",O8-P8)
A9: 7 | C9: 网络边界访问控制信息的完整性 | D9: =IF(VLOOKUP($C$9,'2网络和通信安全 '!$A$5:$L$110,12,FALSE)=D$2,"√","") | E9: =IF(VLOOKUP($C$9,'2网络和通信安全 '!$A$5:$L$110,12,FALSE)=E$2,"√","") | F9: =IF(VLOOKUP($C$9,'2网络和通信安全 '!$A$5:$L$110,12,FALSE)=F$2,"√","") | G9: =IF(VLOOKUP($C$9,'2网络和通信安全 '!$A$5:$L$110,12,FALSE)=G$2,"√","") | H9: =VLOOKUP($C$9,'2网络和通信安全 '!A:L,11,0) | I9: 0.4 | N9: =IF(D9="√","符合",IF(E9="√","部分符合",IF(F9="√","不符合","不适用"))) | O9: =IF(H9="N/A","N/A",M$6*I9/SUMIF(H$6:H$10,"<>N/A",I$6:I$10)) | P9: =IF(H9="N/A","N/A",H9*O9) | Q9: =IF(O9="N/A","N/A",O9-P9) | S9: 注：N/A为不适用
A10: 8 | C10: 安全接入认证 | D10: =IF(VLOOKUP($C$10,'2网络和通信安全 '!$A$5:$L$110,12,FALSE)=D$2,"√","") | E10: =IF(VLOOKUP($C$10,'2网络和通信安全 '!$A$5:$L$110,12,FALSE)=E$2,"√","") | F10: =IF(VLOOKUP($C$10,'2网络和通信安全 '!$A$5:$L$110,12,FALSE)=F$2,"√","") | G10: =IF(VLOOKUP($C$10,'2网络和通信安全 '!$A$5:$L$110,12,FALSE)=G$2,"√","") | H10: =VLOOKUP($C$10,'2网络和通信安全 '!A:L,11,0) | I10: 0.4 | N10: =IF(D10="√","符合",IF(E10="√","部分符合",IF(F10="√","不符合","不适用"))) | O10: =IF(H10="N/A","N/A",M$6*I10/SUMIF(H$6:H$10,"<>N/A",I$6:I$10)) | P10: =IF(H10="N/A","N/A",H10*O10) | Q10: =IF(O10="N/A","N/A",O10-P10)
A11: 9 | B11: 设备和计算安全 | C11: 身份鉴别 | D11: =IF(VLOOKUP($C$11,'3设备和计算安全'!$A$5:$L$58,12,FALSE)=D$2,"√","") | E11: =IF(VLOOKUP($C$11,'3设备和计算安全'!$A$5:$L$58,12,FALSE)=E$2,"√","") | F11: =IF(VLOOKUP($C$11,'3设备和计算安全'!$A$5:$L$58,12,FALSE)=F$2,"√","") | G11: =IF(VLOOKUP($C$11,'3设备和计算安全'!$A$5:$L$58,12,FALSE)=G$2,"√","") | H11: =VLOOKUP($C11,'3设备和计算安全'!A:L,11,0) | I11: 1 | J11: =IF(COUNTIF(H11:H16,"N/A")=COUNTA(H11:H16),"N/A",SUMPRODUCT(H11:H16,I11:I16)/SUMIF(H11:H16,"<>N/A",I11:I16)) | K11: 10 | M11: =IF(J11="N/A","N/A",10*70/SUMIF(J3:J24,"<>N/A",K3:K24)) | N11: =IF(D11="√","符合",IF(E11="√","部分符合",IF(F11="√","不符合","不适用"))) | O11: =IF(H11="N/A","N/A",M$11*I11/SUMIF(H$11:H$16,"<>N/A",I$11:I$16)) | P11: =IF(H11="N/A","N/A",H11*O11) | Q11: =IF(O11="N/A","N/A",O11-P11)
A12: 10 | C12: 远程管理通道安全 | D12: =IF(VLOOKUP($C$12,'3设备和计算安全'!$A$5:$L$58,12,FALSE)=D$2,"√","") | E12: =IF(VLOOKUP($C$12,'3设备和计算安全'!$A$5:$L$58,12,FALSE)=E$2,"√","") | F12: =IF(VLOOKUP($C$12,'3设备和计算安全'!$A$5:$L$58,12,FALSE)=F$2,"√","") | G12: =IF(VLOOKUP($C$12,'3设备和计算安全'!$A$5:$L$58,12,FALSE)=G$2,"√","") | H12: =VLOOKUP($C12,'3设备和计算安全'!A:L,11,0) | I12: 1 | N12: =IF(D12="√","符合",IF(E12="√","部分符合",IF(F12="√","不符合","不适用"))) | O12: =IF(H12="N/A","N/A",M$11*I12/SUMIF(H$11:H$16,"<>N/A",I$11:I$16)) | P12: =IF(H12="N/A","N/A",H12*O12) | Q12: =IF(O12="N/A","N/A",O12-P12)
A13: 11 | C13: 系统资源访问控制信息完整性 | D13: =IF(VLOOKUP($C$13,'3设备和计算安全'!$A$5:$L$58,12,FALSE)=D$2,"√","") | E13: =IF(VLOOKUP($C$13,'3设备和计算安全'!$A$5:$L$58,12,FALSE)=E$2,"√","") | F13: =IF(VLOOKUP($C$13,'3设备和计算安全'!$A$5:$L$58,12,FALSE)=F$2,"√","") | G13: =IF(VLOOKUP($C$13,'3设备和计算安全'!$A$5:$L$58,12,FALSE)=G$2,"√","") | H13: =VLOOKUP($C13,'3设备和计算安全'!A:L,11,0) | I13: 0.4 | N13: =IF(D13="√","符合",IF(E13="√","部分符合",IF(F13="√","不符合","不适用"))) | O13: =IF(H13="N/A","N/A",M$11*I13/SUMIF(H$11:H$16,"<>N/A",I$11:I$16)) | P13: =IF(H13="N/A","N/A",H13*O13) | Q13: =IF(O13="N/A","N/A",O13-P13)
A14: 12 | C14: 重要信息资源安全标记完整性 | D14: =IF(VLOOKUP($C$14,'3设备和计算安全'!$A$5:$L$58,12,FALSE)=D$2,"√","") | E14: =IF(VLOOKUP($C$14,'3设备和计算安全'!$A$5:$L$58,12,FALSE)=E$2,"√","") | F14: =IF(VLOOKUP($C$14,'3设备和计算安全'!$A$5:$L$58,12,FALSE)=F$2,"√","") | G14: =IF(VLOOKUP($C$14,'3设备和计算安全'!$A$5:$L$58,12,FALSE)=G$2,"√","") | H14: =VLOOKUP($C14,'3设备和计算安全'!A:L,11,0) | I14: 0.4 | N14: =IF(D14="√","符合",IF(E14="√","部分符合",IF(F14="√","不符合","不适用"))) | O14: =IF(H14="N/A","N/A",M$11*I14/SUMIF(H$11:H$16,"<>N/A",I$11:I$16)) | P14: =IF(H14="N/A","N/A",H14*O14) | Q14: =IF(O14="N/A","N/A",O14-P14)
A15: 13 | C15: 日志记录完整性 | D15: =IF(VLOOKUP($C$15,'3设备和计算安全'!$A$5:$L$58,12,FALSE)=D$2,"√","") | E15: =IF(VLOOKUP($C$15,'3设备和计算安全'!$A$5:$L$58,12,FALSE)=E$2,"√","") | F15: =IF(VLOOKUP($C15,'3设备和计算安全'!$A$5:$L$58,12,FALSE)=F$2,"√","") | G15: =IF(VLOOKUP($C15,'3设备和计算安全'!$A$5:$L$58,12,FALSE)=G$2,"√","") | H15: =VLOOKUP($C15,'3设备和计算安全'!A:L,11,0) | I15: 0.4 | N15: =IF(D15="√","符合",IF(E15="√","部分符合",IF(F15="√","不符合","不适用"))) | O15: =IF(H15="N/A","N/A",M$11*I15/SUMIF(H$11:H$16,"<>N/A",I$11:I$16)) | P15: =IF(H15="N/A","N/A",H15*O15) | Q15: =IF(O15="N/A","N/A",O15-P15)
A16: 14 | C16: 重要可执行程序完整性、重要可执行程序来源真实性 | D16: =IF(VLOOKUP($C$16,'3设备和计算安全'!$A$5:$L$58,12,FALSE)=D$2,"√","") | E16: =IF(VLOOKUP($C$16,'3设备和计算安全'!$A$5:$L$58,12,FALSE)=E$2,"√","") | F16: =IF(VLOOKUP($C$16,'3设备和计算安全'!$A$5:$L$58,12,FALSE)=F$2,"√","") | G16: =IF(VLOOKUP($C$16,'3设备和计算安全'!$A$5:$L$58,12,FALSE)=G$2,"√","") | H16: =VLOOKUP($C16,'3设备和计算安全'!A:L,11,0) | I16: 0.7 | N16: =IF(D16="√","符合",IF(E16="√","部分符合",IF(F16="√","不符合","不适用"))) | O16: =IF(H16="N/A","N/A",M$11*I16/SUMIF(H$11:H$16,"<>N/A",I$11:I$16)) | P16: =IF(H16="N/A","N/A",H16*O16) | Q16: =IF(O16="N/A","N/A",O16-P16)
A17: 15 | B17: 应用和数据安全 | C17: 身份鉴别 | D17: =IF(VLOOKUP($C$17,'4应用和数据安全'!$A$5:$L$111,12,FALSE)=D$2,"√","") | E17: =IF(VLOOKUP($C$17,'4应用和数据安全'!$A$5:$L$111,12,FALSE)=E$2,"√","") | F17: =IF(VLOOKUP($C$17,'4应用和数据安全'!$A$5:$L$111,12,FALSE)=F$2,"√","") | G17: =IF(VLOOKUP($C$17,'4应用和数据安全'!$A$5:$L$111,12,FALSE)=G$2,"√","") | H17: =VLOOKUP($C17,'4应用和数据安全'!A:L,11,0) | I17: 1 | J17: =IF(COUNTIF(H17:H24,"N/A")=COUNTA(H17:H24),"N/A",SUMPRODUCT(H17:H24,I17:I24)/SUMIF(H17:H24,"<>N/A",I17:I24)) | K17: 30 | M17: =IF(J17="N/A","N/A",30*70/SUMIF(J3:J24,"<>N/A",K3:K24)) | N17: =IF(D17="√","符合",IF(E17="√","部分符合",IF(F17="√","不符合","不适用"))) | O17: =IF(H17="N/A","N/A",M$17*I17/SUMIF(H$17:H$24,"<>N/A",I$17:I$24)) | P17: =IF(H17="N/A","N/A",H17*O17) | Q17: =IF(O17="N/A","N/A",O17-P17)
A18: 16 | C18: 访问控制信息完整性 | D18: =IF(VLOOKUP($C$18,'4应用和数据安全'!$A$5:$L$111,12,FALSE)=D$2,"√","") | E18: =IF(VLOOKUP($C$18,'4应用和数据安全'!$A$5:$L$111,12,FALSE)=E$2,"√","") | F18: =IF(VLOOKUP($C$18,'4应用和数据安全'!$A$5:$L$111,12,FALSE)=F$2,"√","") | G18: =IF(VLOOKUP($C$18,'4应用和数据安全'!$A$5:$L$111,12,FALSE)=G$2,"√","") | H18: =VLOOKUP($C18,'4应用和数据安全'!A:L,11,0) | I18: 0.4 | N18: =IF(D18="√","符合",IF(E18="√","部分符合",IF(F18="√","不符合","不适用"))) | O18: =IF(H18="N/A","N/A",M$17*I18/SUMIF(H$17:H$24,"<>N/A",I$17:I$24)) | P18: =IF(H18="N/A","N/A",H18*O18) | Q18: =IF(O18="N/A","N/A",O18-P18)
A19: 17 | C19: 重要信息资源安全标记完整性 | D19: =IF(VLOOKUP($C$19,'4应用和数据安全'!$A$5:$L$111,12,FALSE)=D$2,"√","") | E19: =IF(VLOOKUP($C$19,'4应用和数据安全'!$A$5:$L$111,12,FALSE)=E$2,"√","") | F19: =IF(VLOOKUP($C$19,'4应用和数据安全'!$A$5:$L$111,12,FALSE)=F$2,"√","") | G19: =IF(VLOOKUP($C$19,'4应用和数据安全'!$A$5:$L$111,12,FALSE)=G$2,"√","") | H19: =VLOOKUP($C19,'4应用和数据安全'!A:L,11,0) | I19: 0.4 | N19: =IF(D19="√","符合",IF(E19="√","部分符合",IF(F19="√","不符合","不适用"))) | O19: =IF(H19="N/A","N/A",M$17*I19/SUMIF(H$17:H$24,"<>N/A",I$17:I$24)) | P19: =IF(H19="N/A","N/A",H19*O19) | Q19: =IF(O19="N/A","N/A",O19-P19)
A20: 18 | C20: 重要数据传输机密性 | D20: =IF(VLOOKUP($C$20,'4应用和数据安全'!$A$5:$L$111,12,FALSE)=D$2,"√","") | E20: =IF(VLOOKUP($C$20,'4应用和数据安全'!$A$5:$L$111,12,FALSE)=E$2,"√","") | F20: =IF(VLOOKUP($C$20,'4应用和数据安全'!$A$5:$L$111,12,FALSE)=F$2,"√","") | G20: =IF(VLOOKUP($C$20,'4应用和数据安全'!$A$5:$L$111,12,FALSE)=G$2,"√","") | H20: =VLOOKUP($C20,'4应用和数据安全'!A:L,11,0) | I20: 1 | N20: =IF(D20="√","符合",IF(E20="√","部分符合",IF(F20="√","不符合","不适用"))) | O20: =IF(H20="N/A","N/A",M$17*I20/SUMIF(H$17:H$24,"<>N/A",I$17:I$24)) | P20: =IF(H20="N/A","N/A",H20*O20) | Q20: =IF(O20="N/A","N/A",O20-P20)
A21: 19 | C21: 重要数据存储机密性 | D21: =IF(VLOOKUP($C$21,'4应用和数据安全'!$A$5:$L$111,12,FALSE)=D$2,"√","") | E21: =IF(VLOOKUP($C$21,'4应用和数据安全'!$A$5:$L$111,12,FALSE)=E$2,"√","") | F21: =IF(VLOOKUP($C$21,'4应用和数据安全'!$A$5:$L$111,12,FALSE)=F$2,"√","") | G21: =IF(VLOOKUP($C$21,'4应用和数据安全'!$A$5:$L$111,12,FALSE)=G$2,"√","") | H21: =VLOOKUP($C21,'4应用和数据安全'!A:L,11,0) | I21: 1 | N21: =IF(D21="√","符合",IF(E21="√","部分符合",IF(F21="√","不符合","不适用"))) | O21: =IF(H21="N/A","N/A",M$17*I21/SUMIF(H$17:H$24,"<>N/A",I$17:I$24)) | P21: =IF(H21="N/A","N/A",H21*O21) | Q21: =IF(O21="N/A","N/A",O21-P21)
A22: 20 | C22: 重要数据传输完整性 | D22: =IF(VLOOKUP($C$22,'4应用和数据安全'!$A$5:$L$111,12,FALSE)=D$2,"√","") | E22: =IF(VLOOKUP($C$22,'4应用和数据安全'!$A$5:$L$111,12,FALSE)=E$2,"√","") | F22: =IF(VLOOKUP($C$22,'4应用和数据安全'!$A$5:$L$111,12,FALSE)=F$2,"√","") | G22: =IF(VLOOKUP($C$22,'4应用和数据安全'!$A$5:$L$111,12,FALSE)=G$2,"√","") | H22: =VLOOKUP($C22,'4应用和数据安全'!A:L,11,0) | I22: 0.7 | N22: =IF(D22="√","符合",IF(E22="√","部分符合",IF(F22="√","不符合","不适用"))) | O22: =IF(H22="N/A","N/A",M$17*I22/SUMIF(H$17:H$24,"<>N/A",I$17:I$24)) | P22: =IF(H22="N/A","N/A",H22*O22) | Q22: =IF(O22="N/A","N/A",O22-P22)
A23: 21 | C23: 重要数据存储完整性 | D23: =IF(VLOOKUP($C$23,'4应用和数据安全'!$A$5:$L$111,12,FALSE)=D$2,"√","") | E23: =IF(VLOOKUP($C$23,'4应用和数据安全'!$A$5:$L$111,12,FALSE)=E$2,"√","") | F23: =IF(VLOOKUP($C$23,'4应用和数据安全'!$A$5:$L$111,12,FALSE)=F$2,"√","") | G23: =IF(VLOOKUP($C$23,'4应用和数据安全'!$A$5:$L$111,12,FALSE)=G$2,"√","") | H23: =VLOOKUP($C23,'4应用和数据安全'!A:L,11,0) | I23: 0.7 | N23: =IF(D23="√","符合",IF(E23="√","部分符合",IF(F23="√","不符合","不适用"))) | O23: =IF(H23="N/A","N/A",M$17*I23/SUMIF(H$17:H$24,"<>N/A",I$17:I$24)) | P23: =IF(H23="N/A","N/A",H23*O23) | Q23: =IF(O23="N/A","N/A",O23-P23)
A24: 22 | C24: 不可否认性 | D24: =IF(VLOOKUP($C$24,'4应用和数据安全'!$A$5:$L$111,12,FALSE)=D$2,"√","") | E24: =IF(VLOOKUP($C$24,'4应用和数据安全'!$A$5:$L$111,12,FALSE)=E$2,"√","") | F24: =IF(VLOOKUP($C$24,'4应用和数据安全'!$A$5:$L$111,12,FALSE)=F$2,"√","") | G24: =IF(VLOOKUP($C$24,'4应用和数据安全'!$A$5:$L$111,12,FALSE)=G$2,"√","") | H24: =VLOOKUP($C24,'4应用和数据安全'!A:L,11,0) | I24: 1 | N24: =IF(D24="√","符合",IF(E24="√","部分符合",IF(F24="√","不符合","不适用"))) | O24: =IF(H24="N/A","N/A",M$17*I24/SUMIF(H$17:H$24,"<>N/A",I$17:I$24)) | P24: =IF(H24="N/A","N/A",H24*O24) | Q24: =IF(O24="N/A","N/A",O24-P24)
A25: 23 | B25: 管理制度 | C25: 具备密码应用安全管理制度 | D25: =IF(HLOOKUP($C25,'5管理制度'!$C$2:$H$5,4,FALSE)=D$2,"√","") | E25: =IF(HLOOKUP($C25,'5管理制度'!$C$2:$H$5,4,FALSE)=E$2,"√","") | F25: =IF(HLOOKUP($C25,'5管理制度'!$C$2:$H$5,4,FALSE)=F$2,"√","") | G25: =IF(HLOOKUP($C25,'5管理制度'!$C$2:$H$5,4,FALSE)=G$2,"√","") | H25: =HLOOKUP(C25,'5管理制度'!$C$2:$H$4,3,0) | I25: 1 | J25: =IF(COUNTIF(H25:H30,"N/A")=COUNTA(H25:H30),"N/A",SUMPRODUCT(H25:H30,I25:I30)/SUMIF(H25:H30,"<>N/A",I25:I30)) | K25: 8 | M25: =IF(J25="N/A","N/A",8*30/SUMIF(J25:J43,"<>N/A",K25:K43)) | N25: =IF(D25="√","符合",IF(E25="√","部分符合",IF(F25="√","不符合","不适用"))) | O25: =IF(H25="N/A","N/A",M$25*I25/SUMIF(H$25:H$30,"<>N/A",I$25:I$30)) | P25: =IF(H25="N/A","N/A",H25*O25) | Q25: =IF(O25="N/A","N/A",O25-P25)
A26: 24 | C26: 密钥管理规则 | D26: =IF(HLOOKUP($C26,'5管理制度'!$C$2:$H$5,4,FALSE)=D$2,"√","") | E26: =IF(HLOOKUP($C26,'5管理制度'!$C$2:$H$5,4,FALSE)=E$2,"√","") | F26: =IF(HLOOKUP($C26,'5管理制度'!$C$2:$H$5,4,FALSE)=F$2,"√","") | G26: =IF(HLOOKUP($C26,'5管理制度'!$C$2:$H$5,4,FALSE)=G$2,"√","") | H26: =HLOOKUP(C26,'5管理制度'!$C$2:$H$4,3,0) | I26: 0.7 | N26: =IF(D26="√","符合",IF(E26="√","部分符合",IF(F26="√","不符合","不适用"))) | O26: =IF(H26="N/A","N/A",M$25*I26/SUMIF(H$25:H$30,"<>N/A",I$25:I$30)) | P26: =IF(H26="N/A","N/A",H26*O26) | Q26: =IF(O26="N/A","N/A",O26-P26)
A27: 25 | C27: 建立操作规程 | D27: =IF(HLOOKUP($C27,'5管理制度'!$C$2:$H$5,4,FALSE)=D$2,"√","") | E27: =IF(HLOOKUP($C27,'5管理制度'!$C$2:$H$5,4,FALSE)=E$2,"√","") | F27: =IF(HLOOKUP($C27,'5管理制度'!$C$2:$H$5,4,FALSE)=F$2,"√","") | G27: =IF(HLOOKUP($C27,'5管理制度'!$C$2:$H$5,4,FALSE)=G$2,"√","") | H27: =HLOOKUP(C27,'5管理制度'!$C$2:$H$4,3,0) | I27: 0.7 | N27: =IF(D27="√","符合",IF(E27="√","部分符合",IF(F27="√","不符合","不适用"))) | O27: =IF(H27="N/A","N/A",M$25*I27/SUMIF(H$25:H$30,"<>N/A",I$25:I$30)) | P27: =IF(H27="N/A","N/A",H27*O27) | Q27: =IF(O27="N/A","N/A",O27-P27)
A28: 26 | C28: 定期修订安全管理制度 | D28: =IF(HLOOKUP($C28,'5管理制度'!$C$2:$H$5,4,FALSE)=D$2,"√","") | E28: =IF(HLOOKUP($C28,'5管理制度'!$C$2:$H$5,4,FALSE)=E$2,"√","") | F28: =IF(HLOOKUP($C28,'5管理制度'!$C$2:$H$5,4,FALSE)=F$2,"√","") | G28: =IF(HLOOKUP($C28,'5管理制度'!$C$2:$H$5,4,FALSE)=G$2,"√","") | H28: =HLOOKUP(C28,'5管理制度'!$C$2:$H$4,3,0) | I28: 0.7 | N28: =IF(D28="√","符合",IF(E28="√","部分符合",IF(F28="√","不符合","不适用"))) | O28: =IF(H28="N/A","N/A",M$25*I28/SUMIF(H$25:H$30,"<>N/A",I$25:I$30)) | P28: =IF(H28="N/A","N/A",H28*O28) | Q28: =IF(O28="N/A","N/A",O28-P28)
A29: 27 | C29: 明确管理制度发布流程 | D29: =IF(HLOOKUP($C29,'5管理制度'!$C$2:$H$5,4,FALSE)=D$2,"√","") | E29: =IF(HLOOKUP($C29,'5管理制度'!$C$2:$H$5,4,FALSE)=E$2,"√","") | F29: =IF(HLOOKUP($C29,'5管理制度'!$C$2:$H$5,4,FALSE)=F$2,"√","") | G29: =IF(HLOOKUP($C29,'5管理制度'!$C$2:$H$5,4,FALSE)=G$2,"√","") | H29: =HLOOKUP(C29,'5管理制度'!$C$2:$H$4,3,0) | I29: 0.7 | N29: =IF(D29="√","符合",IF(E29="√","部分符合",IF(F29="√","不符合","不适用"))) | O29: =IF(H29="N/A","N/A",M$25*I29/SUMIF(H$25:H$30,"<>N/A",I$25:I$30)) | P29: =IF(H29="N/A","N/A",H29*O29) | Q29: =IF(O29="N/A","N/A",O29-P29)
A30: 28 | C30: 制度执行过程记录留存 | D30: =IF(HLOOKUP($C30,'5管理制度'!$C$2:$H$5,4,FALSE)=D$2,"√","") | E30: =IF(HLOOKUP($C30,'5管理制度'!$C$2:$H$5,4,FALSE)=E$2,"√","") | F30: =IF(HLOOKUP($C30,'5管理制度'!$C$2:$H$5,4,FALSE)=F$2,"√","") | G30: =IF(HLOOKUP($C30,'5管理制度'!$C$2:$H$5,4,FALSE)=G$2,"√","") | H30: =HLOOKUP(C30,'5管理制度'!$C$2:$H$4,3,0) | I30: 0.7 | N30: =IF(D30="√","符合",IF(E30="√","部分符合",IF(F30="√","不符合","不适用"))) | O30: =IF(H30="N/A","N/A",M$25*I30/SUMIF(H$25:H$30,"<>N/A",I$25:I$30)) | P30: =IF(H30="N/A","N/A",H30*O30) | Q30: =IF(O30="N/A","N/A",O30-P30)
A31: 29 | B31: 人员管理 | C31: 了解并遵守密码相关法律法规和密码管理制度 | D31: =IF(HLOOKUP($C31,'6人员管理'!$C$2:$G$5,4,FALSE)=D$2,"√","") | E31: =IF(HLOOKUP($C31,'6人员管理'!$C$2:$G$5,4,FALSE)=E$2,"√","") | F31: =IF(HLOOKUP($C31,'6人员管理'!$C$2:$G$5,4,FALSE)=F$2,"√","") | G31: =IF(HLOOKUP($C31,'6人员管理'!$C$2:$G$5,4,FALSE)=G$2,"√","") | H31: =HLOOKUP(C31,'6人员管理'!$C$2:$G$4,3,0) | I31: 0.7 | J31: =IF(COUNTIF(H31:H35,"N/A")=COUNTA(H31:H35),"N/A",SUMPRODUCT(H31:H35,I31:I35)/SUMIF(H31:H35,"<>N/A",I31:I35)) | K31: 8 | M31: =IF(J31="N/A","N/A",8*30/SUMIF(J25:J43,"<>N/A",K25:K43)) | N31: =IF(D31="√","符合",IF(E31="√","部分符合",IF(F31="√","不符合","不适用"))) | O31: =IF(H31="N/A","N/A",M$31*I31/SUMIF(H$31:H$35,"<>N/A",I$31:I$35)) | P31: =IF(H31="N/A","N/A",H31*O31) | Q31: =IF(O31="N/A","N/A",O31-P31)
A32: 30 | C32: 建立密码应用岗位责任制度 | D32: =IF(HLOOKUP($C32,'6人员管理'!$C$2:$G$5,4,FALSE)=D$2,"√","") | E32: =IF(HLOOKUP($C32,'6人员管理'!$C$2:$G$5,4,FALSE)=E$2,"√","") | F32: =IF(HLOOKUP($C32,'6人员管理'!$C$2:$G$5,4,FALSE)=F$2,"√","") | G32: =IF(HLOOKUP($C32,'6人员管理'!$C$2:$G$5,4,FALSE)=G$2,"√","") | H32: =HLOOKUP(C32,'6人员管理'!$C$2:$G$4,3,0) | I32: 1 | N32: =IF(D32="√","符合",IF(E32="√","部分符合",IF(F32="√","不符合","不适用"))) | O32: =IF(H32="N/A","N/A",M$31*I32/SUMIF(H$31:H$35,"<>N/A",I$31:I$35)) | P32: =IF(H32="N/A","N/A",H32*O32) | Q32: =IF(O32="N/A","N/A",O32-P32)
A33: 31 | C33: 建立上岗人员培训制度 | D33: =IF(HLOOKUP($C33,'6人员管理'!$C$2:$G$5,4,FALSE)=D$2,"√","") | E33: =IF(HLOOKUP($C33,'6人员管理'!$C$2:$G$5,4,FALSE)=E$2,"√","") | F33: =IF(HLOOKUP($C33,'6人员管理'!$C$2:$G$5,4,FALSE)=F$2,"√","") | G33: =IF(HLOOKUP($C33,'6人员管理'!$C$2:$G$5,4,FALSE)=G$2,"√","") | H33: =HLOOKUP(C33,'6人员管理'!$C$2:$G$4,3,0) | I33: 0.7 | N33: =IF(D33="√","符合",IF(E33="√","部分符合",IF(F33="√","不符合","不适用"))) | O33: =IF(H33="N/A","N/A",M$31*I33/SUMIF(H$31:H$35,"<>N/A",I$31:I$35)) | P33: =IF(H33="N/A","N/A",H33*O33) | Q33: =IF(O33="N/A","N/A",O33-P33)
A34: 32 | C34: 定期进行安全岗位人员考核 | D34: =IF(HLOOKUP($C34,'6人员管理'!$C$2:$G$5,4,FALSE)=D$2,"√","") | E34: =IF(HLOOKUP($C34,'6人员管理'!$C$2:$G$5,4,FALSE)=E$2,"√","") | F34: =IF(HLOOKUP($C34,'6人员管理'!$C$2:$G$5,4,FALSE)=F$2,"√","") | G34: =IF(HLOOKUP($C34,'6人员管理'!$C$2:$G$5,4,FALSE)=G$2,"√","") | H34: =HLOOKUP(C34,'6人员管理'!$C$2:$G$4,3,0) | I34: 0.7 | N34: =IF(D34="√","符合",IF(E34="√","部分符合",IF(F34="√","不符合","不适用"))) | O34: =IF(H34="N/A","N/A",M$31*I34/SUMIF(H$31:H$35,"<>N/A",I$31:I$35)) | P34: =IF(H34="N/A","N/A",H34*O34) | Q34: =IF(O34="N/A","N/A",O34-P34)
A35: 33 | C35: 建立关键岗位人员保密制度和调离制度 | D35: =IF(HLOOKUP($C35,'6人员管理'!$C$2:$G$5,4,FALSE)=D$2,"√","") | E35: =IF(HLOOKUP($C35,'6人员管理'!$C$2:$G$5,4,FALSE)=E$2,"√","") | F35: =IF(HLOOKUP($C35,'6人员管理'!$C$2:$G$5,4,FALSE)=F$2,"√","") | G35: =IF(HLOOKUP($C35,'6人员管理'!$C$2:$G$5,4,FALSE)=G$2,"√","") | H35: =HLOOKUP(C35,'6人员管理'!$C$2:$G$4,3,0) | I35: 0.7 | N35: =IF(D35="√","符合",IF(E35="√","部分符合",IF(F35="√","不符合","不适用"))) | O35: =IF(H35="N/A","N/A",M$31*I35/SUMIF(H$31:H$35,"<>N/A",I$31:I$35)) | P35: =IF(H35="N/A","N/A",H35*O35) | Q35: =IF(O35="N/A","N/A",O35-P35)
A36: 34 | B36: 建设运行 | C36: 制定密码应用方案 | D36: =IF(HLOOKUP($C36,'7建设运行'!$C$2:$G$5,4,FALSE)=D$2,"√","") | E36: =IF(HLOOKUP($C36,'7建设运行'!$C$2:$G$5,4,FALSE)=E$2,"√","") | F36: =IF(HLOOKUP($C36,'7建设运行'!$C$2:$G$5,4,FALSE)=F$2,"√","") | G36: =IF(HLOOKUP($C36,'7建设运行'!$C$2:$G$5,4,FALSE)=G$2,"√","") | H36: =HLOOKUP(C36,'7建设运行'!$C$2:$G$4,3,0) | I36: 1 | J36: =IF(COUNTIF(H36:H40,"N/A")=COUNTA(H36:H40),"N/A",SUMPRODUCT(H36:H40,I36:I40)/SUMIF(H36:H40,"<>N/A",I36:I40)) | K36: 8 | M36: =IF(J36="N/A","N/A",8*30/SUMIF(J25:J43,"<>N/A",K25:K43)) | N36: =IF(D36="√","符合",IF(E36="√","部分符合",IF(F36="√","不符合","不适用"))) | O36: =IF(H36="N/A","N/A",M$36*I36/SUMIF(H$36:H$40,"<>N/A",I$36:I$40)) | P36: =IF(H36="N/A","N/A",H36*O36) | Q36: =IF(O36="N/A","N/A",O36-P36)
A37: 35 | C37: 制定密钥安全管理策略 | D37: =IF(HLOOKUP($C37,'7建设运行'!$C$2:$G$5,4,FALSE)=D$2,"√","") | E37: =IF(HLOOKUP($C37,'7建设运行'!$C$2:$G$5,4,FALSE)=E$2,"√","") | F37: =IF(HLOOKUP($C37,'7建设运行'!$C$2:$G$5,4,FALSE)=F$2,"√","") | G37: =IF(HLOOKUP($C37,'7建设运行'!$C$2:$G$5,4,FALSE)=G$2,"√","") | H37: =HLOOKUP(C37,'7建设运行'!$C$2:$G$4,3,0) | I37: 1 | N37: =IF(D37="√","符合",IF(E37="√","部分符合",IF(F37="√","不符合","不适用"))) | O37: =IF(H37="N/A","N/A",M$36*I37/SUMIF(H$36:H$40,"<>N/A",I$36:I$40)) | P37: =IF(H37="N/A","N/A",H37*O37) | Q37: =IF(O37="N/A","N/A",O37-P37)
A38: 36 | C38: 制定实施方案 | D38: =IF(HLOOKUP($C38,'7建设运行'!$C$2:$G$5,4,FALSE)=D$2,"√","") | E38: =IF(HLOOKUP($C38,'7建设运行'!$C$2:$G$5,4,FALSE)=E$2,"√","") | F38: =IF(HLOOKUP($C38,'7建设运行'!$C$2:$G$5,4,FALSE)=F$2,"√","") | G38: =IF(HLOOKUP($C38,'7建设运行'!$C$2:$G$5,4,FALSE)=G$2,"√","") | H38: =HLOOKUP(C38,'7建设运行'!$C$2:$G$4,3,0) | I38: 0.7 | N38: =IF(D38="√","符合",IF(E38="√","部分符合",IF(F38="√","不符合","不适用"))) | O38: =IF(H38="N/A","N/A",M$36*I38/SUMIF(H$36:H$40,"<>N/A",I$36:I$40)) | P38: =IF(H38="N/A","N/A",H38*O38) | Q38: =IF(O38="N/A","N/A",O38-P38)
A39: 37 | C39: 投入运行前进行密码应用安全性评估 | D39: =IF(HLOOKUP($C39,'7建设运行'!$C$2:$G$5,4,FALSE)=D$2,"√","") | E39: =IF(HLOOKUP($C39,'7建设运行'!$C$2:$G$5,4,FALSE)=E$2,"√","") | F39: =IF(HLOOKUP($C39,'7建设运行'!$C$2:$G$5,4,FALSE)=F$2,"√","") | G39: =IF(HLOOKUP($C39,'7建设运行'!$C$2:$G$5,4,FALSE)=G$2,"√","") | H39: =HLOOKUP(C39,'7建设运行'!$C$2:$G$4,3,0) | I39: 1 | N39: =IF(D39="√","符合",IF(E39="√","部分符合",IF(F39="√","不符合","不适用"))) | O39: =IF(H39="N/A","N/A",M$36*I39/SUMIF(H$36:H$40,"<>N/A",I$36:I$40)) | P39: =IF(H39="N/A","N/A",H39*O39) | Q39: =IF(O39="N/A","N/A",O39-P39)
A40: 38 | C40: 定期开展密码应用安全性评估及攻防对抗演习 | D40: =IF(HLOOKUP($C40,'7建设运行'!$C$2:$G$5,4,FALSE)=D$2,"√","") | E40: =IF(HLOOKUP($C40,'7建设运行'!$C$2:$G$5,4,FALSE)=E$2,"√","") | F40: =IF(HLOOKUP($C40,'7建设运行'!$C$2:$G$5,4,FALSE)=F$2,"√","") | G40: =IF(HLOOKUP($C40,'7建设运行'!$C$2:$G$5,4,FALSE)=G$2,"√","") | H40: =HLOOKUP(C40,'7建设运行'!$C$2:$G$4,3,0) | I40: 0.7 | N40: =IF(D40="√","符合",IF(E40="√","部分符合",IF(F40="√","不符合","不适用"))) | O40: =IF(H40="N/A","N/A",M$36*I40/SUMIF(H$36:H$40,"<>N/A",I$36:I$40)) | P40: =IF(H40="N/A","N/A",H40*O40) | Q40: =IF(O40="N/A","N/A",O40-P40)
A41: 39 | B41: 应急处置 | C41: 应急策略 | D41: =IF(HLOOKUP($C41,'8应急处置'!$C$2:$E$5,4,FALSE)=D$2,"√","") | E41: =IF(HLOOKUP($C41,'8应急处置'!$C$2:$E$5,4,FALSE)=E$2,"√","") | F41: =IF(HLOOKUP($C41,'8应急处置'!$C$2:$E$5,4,FALSE)=F$2,"√","") | G41: =IF(HLOOKUP($C41,'8应急处置'!$C$2:$E$5,4,FALSE)=G$2,"√","") | H41: =HLOOKUP(C41,'8应急处置'!$C$2:$H$4,3,0) | I41: 1 | J41: =IF(COUNTIF(H41:H43,"N/A")=COUNTA(H41:H43),"N/A",SUMPRODUCT(H41:H43,I41:I43)/SUMIF(H41:H43,"<>N/A",I41:I43)) | K41: 6 | M41: =IF(J41="N/A","N/A",6*30/SUMIF(J25:J43,"<>N/A",K25:K43)) | N41: =IF(D41="√","符合",IF(E41="√","部分符合",IF(F41="√","不符合","不适用"))) | O41: =IF(H41="N/A","N/A",M$41*I41/SUMIF(H$41:H$43,"<>N/A",I$41:I$43)) | P41: =IF(H41="N/A","N/A",H41*O41) | Q41: =IF(O41="N/A","N/A",O41-P41)
A42: 40 | C42: 事件处置 | D42: =IF(HLOOKUP($C42,'8应急处置'!$C$2:$E$5,4,FALSE)=D$2,"√","") | E42: =IF(HLOOKUP($C42,'8应急处置'!$C$2:$E$5,4,FALSE)=E$2,"√","") | F42: =IF(HLOOKUP($C42,'8应急处置'!$C$2:$E$5,4,FALSE)=F$2,"√","") | G42: =IF(HLOOKUP($C42,'8应急处置'!$C$2:$E$5,4,FALSE)=G$2,"√","") | H42: =HLOOKUP(C42,'8应急处置'!$C$2:$H$4,3,0) | I42: 0.7 | N42: =IF(D42="√","符合",IF(E42="√","部分符合",IF(F42="√","不符合","不适用"))) | O42: =IF(H42="N/A","N/A",M$41*I42/SUMIF(H$41:H$43,"<>N/A",I$41:I$43)) | P42: =IF(H42="N/A","N/A",H42*O42) | Q42: =IF(O42="N/A","N/A",O42-P42)
A43: 41 | C43: 向有关主管部门上报处置情况 | D43: =IF(HLOOKUP($C43,'8应急处置'!$C$2:$E$5,4,FALSE)=D$2,"√","") | E43: =IF(HLOOKUP($C43,'8应急处置'!$C$2:$E$5,4,FALSE)=E$2,"√","") | F43: =IF(HLOOKUP($C43,'8应急处置'!$C$2:$E$5,4,FALSE)=F$2,"√","") | G43: =IF(HLOOKUP($C43,'8应急处置'!$C$2:$E$5,4,FALSE)=G$2,"√","") | H43: =HLOOKUP(C43,'8应急处置'!$C$2:$H$4,3,0) | I43: 0.7 | N43: =IF(D43="√","符合",IF(E43="√","部分符合",IF(F43="√","不符合","不适用"))) | O43: =IF(H43="N/A","N/A",M$41*I43/SUMIF(H$41:H$43,"<>N/A",I$41:I$43)) | P43: =IF(H43="N/A","N/A",H43*O43) | Q43: =IF(O43="N/A","N/A",O43-P43)
A44: 合计 | D44: =COUNTIF(D$3:D$43,"><") | E44: =COUNTIF(E$3:E$43,"><") | F44: =COUNTIF(F$3:F$43,"><") | G44: =COUNTIF(G$3:G$43,"><") | H44: =SUM(D44:G44) | O44: =SUM(O3:O43) | P44: =SUM(P3:P43) | Q44: =SUM(Q3:Q43)
A45: 符合情况 | D45: 符合 | E45: 部分符合 | F45: 不符合 | G45: 不适用 | H45: 综合得分

Sheet 说明
O4: 安全强度低于 112 比特的密码算法为弱算法
O5: 非对称算法 | P5: 算法强度 | R5: 对称算法 | S5: 算法强度 | U5: 杂凑算法 | V5: 算法强度
O6: RSA-1024 | P6: 80 | R6: DES | S6: 56 | U6: MD5 | V6: /
O7: RSA-2048 | P7: 112 | R7: 2TDEA | S7: 80-112 | U7: SHA1 | V7: 60
O8: RSA-3072 | P8: 128 | R8: 3TDEA | S8: 112（2023年后不再推荐使用） | U8: SHA224 | V8: 112
O9: ECC-112 | P9: 56 | R9: AES128 | S9: 128 | U9: SHA256 | V9: 128
O10: ECC-160 | P10: 80 | R10: AES192 | S10: 192 | U10: SHA384 | V10: 192
O11: ECC-224 | P11: 112 | R11: AES256 | S11: 256 | U11: SHA512 | V11: 256
O12: ECC-256 | P12: 128 | R12: SM4 | S12: 128 | U12: SM3 | V12: 128
O13: SM2 | P13: 128 | R13: ZUC | S13: 128

Sheet 1物理和环境安全
A1: 物理和环境安全
A3: 测评单元 | B3: 测评对象 | C3: 适用情况 | D3: 涉及情况 | J3: 符合情况 | K3: 测评单元得分 S i, j | L3: 单元测评结果 | M3: 有效对象数量 | N3: 所占分值 | O3: 已得分值 | P3: 丢失分值
D4: 密码使用有效性D | E4: 密码算法/技术 合规性A | F4: 密钥管理安全K | G4: Ra | H4: Rk | I4: 得分
A5: 身份鉴别 | B5: 建行宁夏分行租赁机房 | C5: 适用 | D5: √ | E5: √ | F5: √ | G5: 1 | H5: 1 | I5: =IF(C5="不适用","N/A",IF(D5<>"√",0,IF((E5="√")*AND(F5="√"),1,IF((E5<>"√")*AND(F5="√"),0.5*G5,IF((E5="√")*AND(F5<>"√"),0.5*H5,IF((E5<>"√")*AND(F5<>"√"),0.25*G5*H5)))))) | J5: =IF(I5="N/A","不适用",IF(I5=1,"符合",IF(I5=0,"不符合","部分符合"))) | K5: =IF(COUNTIF($I5:$I9,"N/A")=COUNTA($I5:$I9),"N/A",AVERAGE($I5:$I9)) | L5: =IF(K5="N/A","不适用",IF(K5=1,"符合",IF(K5=0,"不符合","部分符合"))) | M5: =(COUNTA($C5:$C9)-COUNTIF($C5:$C9,"不适用")) | N5: =IF(I5="N/A","N/A",整体测评!O$3/M$5) | O5: =IF(I5="N/A","N/A",I5*N5) | P5: =IF(I5="N/A","N/A",N5-O5)
B6: 建行云平台-武汉数据中心机房 | C6: 适用 | D6: √ | E6: √ | F6: × | G6: 1 | H6: 1 | I6: =IF(C6="不适用","N/A",IF(D6<>"√",0,IF((E6="√")*AND(F6="√"),1,IF((E6<>"√")*AND(F6="√"),0.5*G6,IF((E6="√")*AND(F6<>"√"),0.5*H6,IF((E6<>"√")*AND(F6<>"√"),0.25*G6*H6)))))) | J6: =IF(I6="N/A","不适用",IF(I6=1,"符合",IF(I6=0,"不符合","部分符合"))) | N6: =IF(I6="N/A","N/A",整体测评!O$3/M$5) | O6: =IF(I6="N/A","N/A",I6*N6) | P6: =IF(I6="N/A","N/A",N6-O6)
B7: 建行云平台-洋桥数据中心机房 | C7: 适用 | D7: √ | E7: √ | F7: × | G7: 1 | H7: 1 | I7: =IF(C7="不适用","N/A",IF(D7<>"√",0,IF((E7="√")*AND(F7="√"),1,IF((E7<>"√")*AND(F7="√"),0.5*G7,IF((E7="√")*AND(F7<>"√"),0.5*H7,IF((E7<>"√")*AND(F7<>"√"),0.25*G7*H7)))))) | J7: =IF(I7="N/A","不适用",IF(I7=1,"符合",IF(I7=0,"不符合","部分符合"))) | N7: =IF(I7="N/A","N/A",整体测评!O$3/M$5) | O7: =IF(I7="N/A","N/A",I7*N7) | P7: =IF(I7="N/A","N/A",N7-O7)
B8: 建行云平台-稻香湖数据中心机房 | C8: 适用 | D8: √ | E8: √ | F8: × | G8: 1 | H8: 1 | I8: =IF(C8="不适用","N/A",IF(D8<>"√",0,IF((E8="√")*AND(F8="√"),1,IF((E8<>"√")*AND(F8="√"),0.5*G8,IF((E8="√")*AND(F8<>"√"),0.5*H8,IF((E8<>"√")*AND(F8<>"√"),0.25*G8*H8)))))) | J8: =IF(I8="N/A","不适用",IF(I8=1,"符合",IF(I8=0,"不符合","部分符合"))) | N8: =IF(I8="N/A","N/A",整体测评!O$3/M$5) | O8: =IF(I8="N/A","N/A",I8*N8) | P8: =IF(I8="N/A","N/A",N8-O8)
B9: 勿删 | C9: 不适用 | D9: × | G9: 1 | H9: 1 | I9: =IF(C9="不适用","N/A",IF(D9<>"√",0,IF((E9="√")*AND(F9="√"),1,IF((E9<>"√")*AND(F9="√"),0.5*G9,IF((E9="√")*AND(F9<>"√"),0.5*H9,IF((E9<>"√")*AND(F9<>"√"),0.25*G9*H9)))))) | J9: =IF(I9="N/A","不适用",IF(I9=1,"符合",IF(I9=0,"不符合","部分符合"))) | N9: =IF(I9="N/A","N/A",整体测评!O$3/M$5) | O9: =IF(I9="N/A","N/A",I9*N9) | P9: =IF(I9="N/A","N/A",N9-O9)
A10: 电子门禁记录数据存储完整性 | B10: 建行宁夏分行租赁机房 | C10: 适用 | D10: √ | E10: √ | F10: √ | G10: 1 | H10: 1 | I10: =IF(C10="不适用","N/A",IF(D10<>"√",0,IF((E10="√")*AND(F10="√"),1,IF((E10<>"√")*AND(F10="√"),0.5*G10,IF((E10="√")*AND(F10<>"√"),0.5*H10,IF((E10<>"√")*AND(F10<>"√"),0.25*G10*H10)))))) | J10: =IF(I10="N/A","不适用",IF(I10=1,"符合",IF(I10=0,"不符合","部分符合"))) | K10: =IF(COUNTIF($I10:$I14,"N/A")=COUNTA($I10:$I14),"N/A",AVERAGE($I10:$I14)) | L10: =IF(K10="N/A","不适用",IF(K10=1,"符合",IF(K10=0,"不符合","部分符合"))) | M10: =(COUNTA($C10:$C14)-COUNTIF($C10:$C14,"不适用")) | N10: =IF(I10="N/A","N/A",整体测评!O$4/M$10) | O10: =IF(I10="N/A","N/A",I10*N10) | P10: =IF(I10="N/A","N/A",N10-O10)
B11: 建行云平台-武汉数据中心机房 | C11: 适用 | D11: × | E11: × | F11: × | G11: 1 | H11: 1 | I11: =IF(C11="不适用","N/A",IF(D11<>"√",0,IF((E11="√")*AND(F11="√"),1,IF((E11<>"√")*AND(F11="√"),0.5*G11,IF((E11="√")*AND(F11<>"√"),0.5*H11,IF((E11<>"√")*AND(F11<>"√"),0.25*G11*H11)))))) | J11: =IF(I11="N/A","不适用",IF(I11=1,"符合",IF(I11=0,"不符合","部分符合"))) | N11: =IF(I11="N/A","N/A",整体测评!O$4/M$10) | O11: =IF(I11="N/A","N/A",I11*N11) | P11: =IF(I11="N/A","N/A",N11-O11)
B12: 建行云平台-洋桥数据中心机房 | C12: 适用 | D12: × | E12: × | F12: × | G12: 1 | H12: 1 | I12: =IF(C12="不适用","N/A",IF(D12<>"√",0,IF((E12="√")*AND(F12="√"),1,IF((E12<>"√")*AND(F12="√"),0.5*G12,IF((E12="√")*AND(F12<>"√"),0.5*H12,IF((E12<>"√")*AND(F12<>"√"),0.25*G12*H12)))))) | J12: =IF(I12="N/A","不适用",IF(I12=1,"符合",IF(I12=0,"不符合","部分符合"))) | N12: =IF(I12="N/A","N/A",整体测评!O$4/M$10) | O12: =IF(I12="N/A","N/A",I12*N12) | P12: =IF(I12="N/A","N/A",N12-O12)
B13: 建行云平台-稻香湖数据中心机房 | C13: 适用 | D13: × | E13: × | F13: × | G13: 1 | H13: 1 | I13: =IF(C13="不适用","N/A",IF(D13<>"√",0,IF((E13="√")*AND(F13="√"),1,IF((E13<>"√")*AND(F13="√"),0.5*G13,IF((E13="√")*AND(F13<>"√"),0.5*H13,IF((E13<>"√")*AND(F13<>"√"),0.25*G13*H13)))))) | J13: =IF(I13="N/A","不适用",IF(I13=1,"符合",IF(I13=0,"不符合","部分符合"))) | N13: =IF(I13="N/A","N/A",整体测评!O$4/M$10) | O13: =IF(I13="N/A","N/A",I13*N13) | P13: =IF(I13="N/A","N/A",N13-O13)
B14: 勿删 | C14: 不适用 | D14: × | G14: 1 | H14: 1 | I14: =IF(C14="不适用","N/A",IF(D14<>"√",0,IF((E14="√")*AND(F14="√"),1,IF((E14<>"√")*AND(F14="√"),0.5*G14,IF((E14="√")*AND(F14<>"√"),0.5*H14,IF((E14<>"√")*AND(F14<>"√"),0.25*G14*H14)))))) | J14: =IF(I14="N/A","不适用",IF(I14=1,"符合",IF(I14=0,"不符合","部分符合"))) | N14: =IF(I14="N/A","N/A",整体测评!O$4/M$10) | O14: =IF(I14="N/A","N/A",I14*N14) | P14: =IF(I14="N/A","N/A",N14-O14)
A15: 视频监控记录数据存储完整性 | B15: 建行宁夏分行租赁机房 | C15: 适用 | D15: √ | E15: √ | F15: √ | G15: 1 | H15: 1 | I15: =IF(C15="不适用","N/A",IF(D15<>"√",0,IF((E15="√")*AND(F15="√"),1,IF((E15<>"√")*AND(F15="√"),0.5*G15,IF((E15="√")*AND(F15<>"√"),0.5*H15,IF((E15<>"√")*AND(F15<>"√"),0.25*G15*H15)))))) | J15: =IF(I15="N/A","不适用",IF(I15=1,"符合",IF(I15=0,"不符合","部分符合"))) | K15: =IF(COUNTIF($I15:$I19,"N/A")=COUNTA($I15:$I19),"N/A",AVERAGE($I15:$I19)) | L15: =IF(K15="N/A","不适用",IF(K15=1,"符合",IF(K15=0,"不符合","部分符合"))) | M15: =(COUNTA($C15:$C19)-COUNTIF($C15:$C19,"不适用")) | N15: =IF(I15="N/A","N/A",整体测评!O$5/M$15) | O15: =IF(I15="N/A","N/A",I15*N15) | P15: =IF(I15="N/A","N/A",N15-O15)
B16: 建行云平台-武汉数据中心机房 | C16: 适用 | D16: × | E16: × | F16: × | G16: 1 | H16: 1 | I16: =IF(C16="不适用","N/A",IF(D16<>"√",0,IF((E16="√")*AND(F16="√"),1,IF((E16<>"√")*AND(F16="√"),0.5*G16,IF((E16="√")*AND(F16<>"√"),0.5*H16,IF((E16<>"√")*AND(F16<>"√"),0.25*G16*H16)))))) | J16: =IF(I16="N/A","不适用",IF(I16=1,"符合",IF(I16=0,"不符合","部分符合"))) | N16: =IF(I16="N/A","N/A",整体测评!O$5/M$15) | O16: =IF(I16="N/A","N/A",I16*N16) | P16: =IF(I16="N/A","N/A",N16-O16)
B17: 建行云平台-洋桥数据中心机房 | C17: 适用 | D17: × | E17: × | F17: × | G17: 1 | H17: 1 | I17: =IF(C17="不适用","N/A",IF(D17<>"√",0,IF((E17="√")*AND(F17="√"),1,IF((E17<>"√")*AND(F17="√"),0.5*G17,IF((E17="√")*AND(F17<>"√"),0.5*H17,IF((E17<>"√")*AND(F17<>"√"),0.25*G17*H17)))))) | J17: =IF(I17="N/A","不适用",IF(I17=1,"符合",IF(I17=0,"不符合","部分符合"))) | N17: =IF(I17="N/A","N/A",整体测评!O$5/M$15) | O17: =IF(I17="N/A","N/A",I17*N17) | P17: =IF(I17="N/A","N/A",N17-O17)
B18: 建行云平台-稻香湖数据中心机房 | C18: 适用 | D18: × | E18: × | F18: × | G18: 1 | H18: 1 | I18: =IF(C18="不适用","N/A",IF(D18<>"√",0,IF((E18="√")*AND(F18="√"),1,IF((E18<>"√")*AND(F18="√"),0.5*G18,IF((E18="√")*AND(F18<>"√"),0.5*H18,IF((E18<>"√")*AND(F18<>"√"),0.25*G18*H18)))))) | J18: =IF(I18="N/A","不适用",IF(I18=1,"符合",IF(I18=0,"不符合","部分符合"))) | N18: =IF(I18="N/A","N/A",整体测评!O$5/M$15) | O18: =IF(I18="N/A","N/A",I18*N18) | P18: =IF(I18="N/A","N/A",N18-O18)
B19: 勿删 | C19: 不适用 | D19: × | G19: 1 | H19: 1 | I19: =IF(C19="不适用","N/A",IF(D19<>"√",0,IF((E19="√")*AND(F19="√"),1,IF((E19<>"√")*AND(F19="√"),0.5*G19,IF((E19="√")*AND(F19<>"√"),0.5*H19,IF((E19<>"√")*AND(F19<>"√"),0.25*G19*H19)))))) | J19: =IF(I19="N/A","不适用",IF(I19=1,"符合",IF(I19=0,"不符合","部分符合"))) | N19: =IF(I19="N/A","N/A",整体测评!O$5/M$15) | O19: =IF(I19="N/A","N/A",I19*N19) | P19: =IF(I19="N/A","N/A",N19-O19)

Sheet 2网络和通信安全
A1: 网络和通信安全
A3: 测评单元 | B3: 测评对象 | C3: 适用情况 | D3: 涉及情况 | I3: 分值 Si,j,k | J3: 符合情况 | K3: 测评单元得分 S i, j | L3: 单元测评结果 | M3: 有效对象数量 | N3: 所占分值 | O3: 已得分值 | P3: 丢失分值
D4: 密码使用有效性D | E4: 密码算法/技术 合规性A | F4: 密钥管理安全K | G4: Ra | H4: Rk
A5: 身份鉴别 | B5: 智慧缴费系统小程序通道 | C5: 适用 | D5: √ | E5: × | F5: × | G5: 1 | H5: 1 | I5: =IF(C5="不适用","N/A",IF(D5<>"√",0,IF((E5="√")*AND(F5="√"),1,IF((E5<>"√")*AND(F5="√"),0.5*G5,IF((E5="√")*AND(F5<>"√"),0.5*H5,IF((E5<>"√")*AND(F5<>"√"),0.25*G5*H5)))))) | J5: =IF(I5="N/A","不适用",IF(I5=1,"符合",IF(I5=0,"不符合","部分符合"))) | K5: =IF(COUNTIF($I5:$I38,"N/A")=COUNTA($I5:$I38),"N/A",AVERAGE($I5:$I38)) | L5: =IF(K5="N/A","不适用",IF(K5=1,"符合",IF(K5=0,"不符合","部分符合"))) | M5: =(COUNTA($C5:$C38)-COUNTIF($C5:$C38,"不适用")) | N5: =IF(I5="N/A","N/A",整体测评!O$6/M$5) | O5: =IF(I5="N/A","N/A",I5*N5) | P5: =IF(I5="N/A","N/A",N5-O5) | Q5: 注：N/A为不适用
B6: 智慧缴费系统与吴忠供热之间的通道 | C6: 适用 | D6: × | E6: / | F6: / | G6: 1 | H6: 1 | I6: =IF(C6="不适用","N/A",IF(D6<>"√",0,IF((E6="√")*AND(F6="√"),1,IF((E6<>"√")*AND(F6="√"),0.5*G6,IF((E6="√")*AND(F6<>"√"),0.5*H6,IF((E6<>"√")*AND(F6<>"√"),0.25*G6*H6)))))) | J6: =IF(I6="N/A","不适用",IF(I6=1,"符合",IF(I6=0,"不符合","部分符合"))) | N6: =IF(I6="N/A","N/A",整体测评!O$6/M$5) | O6: =IF(I6="N/A","N/A",I6*N6) | P6: =IF(I6="N/A","N/A",N6-O6)
B7: 智慧缴费系统与吴忠水发之间的通道 | C7: 适用 | D7: × | E7: / | F7: / | G7: 1 | H7: 1 | I7: =IF(C7="不适用","N/A",IF(D7<>"√",0,IF((E7="√")*AND(F7="√"),1,IF((E7<>"√")*AND(F7="√"),0.5*G7,IF((E7="√")*AND(F7<>"√"),0.5*H7,IF((E7<>"√")*AND(F7<>"√"),0.25*G7*H7)))))) | J7: =IF(I7="N/A","不适用",IF(I7=1,"符合",IF(I7=0,"不符合","部分符合"))) | N7: =IF(I7="N/A","N/A",整体测评!O$6/M$5) | O7: =IF(I7="N/A","N/A",I7*N7) | P7: =IF(I7="N/A","N/A",N7-O7)
B8: 智慧缴费系统与高速缴费之间的通道 | C8: 适用 | D8: × | E8: / | F8: / | G8: 1 | H8: 1 | I8: =IF(C8="不适用","N/A",IF(D8<>"√",0,IF((E8="√")*AND(F8="√"),1,IF((E8<>"√")*AND(F8="√"),0.5*G8,IF((E8="√")*AND(F8<>"√"),0.5*H8,IF((E8<>"√")*AND(F8<>"√"),0.25*G8*H8)))))) | J8: =IF(I8="N/A","不适用",IF(I8=1,"符合",IF(I8=0,"不符合","部分符合"))) | N8: =IF(I8="N/A","N/A",整体测评!O$6/M$5) | O8: =IF(I8="N/A","N/A",I8*N8) | P8: =IF(I8="N/A","N/A",N8-O8)
B9: 智慧缴费系统与新南燃气之间的通道 | C9: 适用 | D9: × | E9: / | F9: / | G9: 1 | H9: 1 | I9: =IF(C9="不适用","N/A",IF(D9<>"√",0,IF((E9="√")*AND(F9="√"),1,IF((E9<>"√")*AND(F9="√"),0.5*G9,IF((E9="√")*AND(F9<>"√"),0.5*H9,IF((E9<>"√")*AND(F9<>"√"),0.25*G9*H9)))))) | J9: =IF(I9="N/A","不适用",IF(I9=1,"符合",IF(I9=0,"不符合","部分符合"))) | N9: =IF(I9="N/A","N/A",整体测评!O$6/M$5) | O9: =IF(I9="N/A","N/A",I9*N9) | P9: =IF(I9="N/A","N/A",N9-O9)
B10: PC端访问现金管理系统的通道 | C10: 适用 | D10: × | E10: / | F10: / | G10: 1 | H10: 1 | I10: =IF(C10="不适用","N/A",IF(D10<>"√",0,IF((E10="√")*AND(F10="√"),1,IF((E10<>"√")*AND(F10="√"),0.5*G10,IF((E10="√")*AND(F10<>"√"),0.5*H10,IF((E10<>"√")*AND(F10<>"√"),0.25*G10*H10)))))) | J10: =IF(I10="N/A","不适用",IF(I10=1,"符合",IF(I10=0,"不符合","部分符合"))) | N10: =IF(I10="N/A","N/A",整体测评!O$6/M$5) | O10: =IF(I10="N/A","N/A",I10*N10) | P10: =IF(I10="N/A","N/A",N10-O10)
B11: 现金管理系统与国电之间的通道 | C11: 适用 | D11: × | E11: / | F11: / | G11: 1 | H11: 1 | I11: =IF(C11="不适用","N/A",IF(D11<>"√",0,IF((E11="√")*AND(F11="√"),1,IF((E11<>"√")*AND(F11="√"),0.5*G11,IF((E11="√")*AND(F11<>"√"),0.5*H11,IF((E11<>"√")*AND(F11<>"√"),0.25*G11*H11)))))) | J11: =IF(I11="N/A","不适用",IF(I11=1,"符合",IF(I11=0,"不符合","部分符合"))) | N11: =IF(I11="N/A","N/A",整体测评!O$6/M$5) | O11: =IF(I11="N/A","N/A",I11*N11) | P11: =IF(I11="N/A","N/A",N11-O11)
B12: 现金管理系统与监狱管理局之间的通道 | C12: 适用 | D12: × | E12: / | F12: / | G12: 1 | H12: 1 | I12: =IF(C12="不适用","N/A",IF(D12<>"√",0,IF((E12="√")*AND(F12="√"),1,IF((E12<>"√")*AND(F12="√"),0.5*G12,IF((E12="√")*AND(F12<>"√"),0.5*H12,IF((E12<>"√")*AND(F12<>"√"),0.25*G12*H12)))))) | J12: =IF(I12="N/A","不适用",IF(I12=1,"符合",IF(I12=0,"不符合","部分符合"))) | N12: =IF(I12="N/A","N/A",整体测评!O$6/M$5) | O12: =IF(I12="N/A","N/A",I12*N12) | P12: =IF(I12="N/A","N/A",N12-O12)
B13: 现金管理系统与烟草之间的通道 | C13: 适用 | D13: × | E13: / | F13: / | G13: 1 | H13: 1 | I13: =IF(C13="不适用","N/A",IF(D13<>"√",0,IF((E13="√")*AND(F13="√"),1,IF((E13<>"√")*AND(F13="√"),0.5*G13,IF((E13="√")*AND(F13<>"√"),0.5*H13,IF((E13<>"√")*AND(F13<>"√"),0.25*G13*H13)))))) | J13: =IF(I13="N/A","不适用",IF(I13=1,"符合",IF(I13=0,"不符合","部分符合"))) | N13: =IF(I13="N/A","N/A",整体测评!O$6/M$5) | O13: =IF(I13="N/A","N/A",I13*N13) | P13: =IF(I13="N/A","N/A",N13-O13)
B14: 现金管理系统与预售房之间的通道 | C14: 适用 | D14: × | E14: / | F14: / | G14: 1 | H14: 1 | I14: =IF(C14="不适用","N/A",IF(D14<>"√",0,IF((E14="√")*AND(F14="√"),1,IF((E14<>"√")*AND(F14="√"),0.5*G14,IF((E14="√")*AND(F14<>"√"),0.5*H14,IF((E14<>"√")*AND(F14<>"√"),0.25*G14*H14)))))) | J14: =IF(I14="N/A","不适用",IF(I14=1,"符合",IF(I14=0,"不符合","部分符合"))) | N14: =IF(I14="N/A","N/A",整体测评!O$6/M$5) | O14: =IF(I14="N/A","N/A",I14*N14) | P14: =IF(I14="N/A","N/A",N14-O14)
B15: 新一代电子不停车收费系统与公路局之间的通道 | C15: 适用 | D15: × | E15: / | F15: / | G15: 1 | H15: 1 | I15: =IF(C15="不适用","N/A",IF(D15<>"√",0,IF((E15="√")*AND(F15="√"),1,IF((E15<>"√")*AND(F15="√"),0.5*G15,IF((E15="√")*AND(F15<>"√"),0.5*H15,IF((E15<>"√")*AND(F15<>"√"),0.25*G15*H15)))))) | J15: =IF(I15="N/A","不适用",IF(I15=1,"符合",IF(I15=0,"不符合","部分符合"))) | N15: =IF(I15="N/A","N/A",整体测评!O$6/M$5) | O15: =IF(I15="N/A","N/A",I15*N15) | P15: =IF(I15="N/A","N/A",N15-O15)
B16: 代收付系统与医保厅之间的通道 | C16: 适用 | D16: × | E16: / | F16: / | G16: 1 | H16: 1 | I16: =IF(C16="不适用","N/A",IF(D16<>"√",0,IF((E16="√")*AND(F16="√"),1,IF((E16<>"√")*AND(F16="√"),0.5*G16,IF((E16="√")*AND(F16<>"√"),0.5*H16,IF((E16<>"√")*AND(F16<>"√"),0.25*G16*H16)))))) | J16: =IF(I16="N/A","不适用",IF(I16=1,"符合",IF(I16=0,"不符合","部分符合"))) | N16: =IF(I16="N/A","N/A",整体测评!O$6/M$5) | O16: =IF(I16="N/A","N/A",I16*N16) | P16: =IF(I16="N/A","N/A",N16-O16)
B17: 代收付系统与学校之间的通道 | C17: 适用 | D17: × | E17: / | F17: / | G17: 1 | H17: 1 | I17: =IF(C17="不适用","N/A",IF(D17<>"√",0,IF((E17="√")*AND(F17="√"),1,IF((E17<>"√")*AND(F17="√"),0.5*G17,IF((E17="√")*AND(F17<>"√"),0.5*H17,IF((E17<>"√")*AND(F17<>"√"),0.25*G17*H17)))))) | J17: =IF(I17="N/A","不适用",IF(I17=1,"符合",IF(I17=0,"不符合","部分符合"))) | N17: =IF(I17="N/A","N/A",整体测评!O$6/M$5) | O17: =IF(I17="N/A","N/A",I17*N17) | P17: =IF(I17="N/A","N/A",N17-O17)
... B38: 勿删 | C38: 不适用 | D38: √ | E38: √ | F38: √ | G38: 1 | H38: 1 | I38: =IF(C38="不适用","N/A",IF(D38<>"√",0,IF((E38="√")*AND(F38="√"),1,IF((E38<>"√")*AND(F38="√"),0.5*G38,IF((E38="√")*AND(F38<>"√"),0.5*H38,IF((E38<>"√")*AND(F38<>"√"),0.25*G38*H38)))))) | J38: =IF(I38="N/A","不适用",IF(I38=1,"符合",IF(I38=0,"不符合","部分符合"))) | N38: =IF(I38="N/A","N/A",整体测评!O$6/M$5) | O38: =IF(I38="N/A","N/A",I38*N38) | P38: =IF(I38="N/A","N/A",N38-O38)
A39: 通信数据完整性 | B39: 智慧缴费系统小程序通道 | C39: 适用 | D39: √ | E39: × | F39: × | G39: 1 | H39: 1 | I39: =IF(C39="不适用","N/A",IF(D39<>"√",0,IF((E39="√")*AND(F39="√"),1,IF((E39<>"√")*AND(F39="√"),0.5*G39,IF((E39="√")*AND(F39<>"√"),0.5*H39,IF((E39<>"√")*AND(F39<>"√"),0.25*G39*H39)))))) | J39: =IF(I39="N/A","不适用",IF(I39=1,"符合",IF(I39=0,"不符合","部分符合"))) | K39: =IF(COUNTIF($I39:$I72,"N/A")=COUNTA($I39:$I72),"N/A",AVERAGE($I39:$I72)) | L39: =IF(K39="N/A","不适用",IF(K39=1,"符合",IF(K39=0,"不符合","部分符合"))) | M39: =(COUNTA($C39:$C72)-COUNTIF($C39:$C72,"不适用")) | N39: =IF(I39="N/A","N/A",整体测评!O$7/M$39) | O39: =IF(I39="N/A","N/A",I39*N39) | P39: =IF(I39="N/A","N/A",N39-O39)
B40: 智慧缴费系统与吴忠供热之间的通道 | C40: 适用 | D40: × | E40: / | F40: / | G40: 1 | H40: 1 | I40: =IF(C40="不适用","N/A",IF(D40<>"√",0,IF((E40="√")*AND(F40="√"),1,IF((E40<>"√")*AND(F40="√"),0.5*G40,IF((E40="√")*AND(F40<>"√"),0.5*H40,IF((E40<>"√")*AND(F40<>"√"),0.25*G40*H40)))))) | J40: =IF(I40="N/A","不适用",IF(I40=1,"符合",IF(I40=0,"不符合","部分符合"))) | N40: =IF(I40="N/A","N/A",整体测评!O$7/M$39) | O40: =IF(I40="N/A","N/A",I40*N40) | P40: =IF(I40="N/A","N/A",N40-O40)
B41: 智慧缴费系统与吴忠水发之间的通道 | C41: 适用 | D41: × | E41: / | F41: / | G41: 1 | H41: 1 | I41: =IF(C41="不适用","N/A",IF(D41<>"√",0,IF((E41="√")*AND(F41="√"),1,IF((E41<>"√")*AND(F41="√"),0.5*G41,IF((E41="√")*AND(F41<>"√"),0.5*H41,IF((E41<>"√")*AND(F41<>"√"),0.25*G41*H41)))))) | J41: =IF(I41="N/A","不适用",IF(I41=1,"符合",IF(I41=0,"不符合","部分符合"))) | N41: =IF(I41="N/A","N/A",整体测评!O$7/M$39) | O41: =IF(I41="N/A","N/A",I41*N41) | P41: =IF(I41="N/A","N/A",N41-O41)
B42: 智慧缴费系统与高速缴费之间的通道 | C42: 适用 | D42: × | E42: / | F42: / | G42: 1 | H42: 1 | I42: =IF(C42="不适用","N/A",IF(D42<>"√",0,IF((E42="√")*AND(F42="√"),1,IF((E42<>"√")*AND(F42="√"),0.5*G42,IF((E42="√")*AND(F42<>"√"),0.5*H42,IF((E42<>"√")*AND(F42<>"√"),0.25*G42*H42)))))) | J42: =IF(I42="N/A","不适用",IF(I42=1,"符合",IF(I42=0,"不符合","部分符合"))) | N42: =IF(I42="N/A","N/A",整体测评!O$7/M$39) | O42: =IF(I42="N/A","N/A",I42*N42) | P42: =IF(I42="N/A","N/A",N42-O42)
B43: 智慧缴费系统与新南燃气之间的通道 | C43: 适用 | D43: × | E43: / | F43: / | G43: 1 | H43: 1 | I43: =IF(C43="不适用","N/A",IF(D43<>"√",0,IF((E43="√")*AND(F43="√"),1,IF((E43<>"√")*AND(F43="√"),0.5*G43,IF((E43="√")*AND(F43<>"√"),0.5*H43,IF((E43<>"√")*AND(F43<>"√"),0.25*G43*H43)))))) | J43: =IF(I43="N/A","不适用",IF(I43=1,"符合",IF(I43=0,"不符合","部分符合"))) | N43: =IF(I43="N/A","N/A",整体测评!O$7/M$39) | O43: =IF(I43="N/A","N/A",I43*N43) | P43: =IF(I43="N/A","N/A",N43-O43)
B44: PC端访问现金管理系统的通道 | C44: 适用 | D44: × | E44: / | F44: / | G44: 1 | H44: 1 | I44: =IF(C44="不适用","N/A",IF(D44<>"√",0,IF((E44="√")*AND(F44="√"),1,IF((E44<>"√")*AND(F44="√"),0.5*G44,IF((E44="√")*AND(F44<>"√"),0.5*H44,IF((E44<>"√")*AND(F44<>"√"),0.25*G44*H44)))))) | J44: =IF(I44="N/A","不适用",IF(I44=1,"符合",IF(I44=0,"不符合","部分符合"))) | N44: =IF(I44="N/A","N/A",整体测评!O$7/M$39) | O44: =IF(I44="N/A","N/A",I44*N44) | P44: =IF(I44="N/A","N/A",N44-O44)
B45: 现金管理系统与国电之间的通道 | C45: 适用 | D45: × | E45: / | F45: / | G45: 1 | H45: 1 | I45: =IF(C45="不适用","N/A",IF(D45<>"√",0,IF((E45="√")*AND(F45="√"),1,IF((E45<>"√")*AND(F45="√"),0.5*G45,IF((E45="√")*AND(F45<>"√"),0.5*H45,IF((E45<>"√")*AND(F45<>"√"),0.25*G45*H45)))))) | J45: =IF(I45="N/A","不适用",IF(I45=1,"符合",IF(I45=0,"不符合","部分符合"))) | N45: =IF(I45="N/A","N/A",整体测评!O$7/M$39) | O45: =IF(I45="N/A","N/A",I45*N45) | P45: =IF(I45="N/A","N/A",N45-O45)
B46: 现金管理系统与监狱管理局之间的通道 | C46: 适用 | D46: × | E46: / | F46: / | G46: 1 | H46: 1 | I46: =IF(C46="不适用","N/A",IF(D46<>"√",0,IF((E46="√")*AND(F46="√"),1,IF((E46<>"√")*AND(F46="√"),0.5*G46,IF((E46="√")*AND(F46<>"√"),0.5*H46,IF((E46<>"√")*AND(F46<>"√"),0.25*G46*H46)))))) | J46: =IF(I46="N/A","不适用",IF(I46=1,"符合",IF(I46=0,"不符合","部分符合"))) | N46: =IF(I46="N/A","N/A",整体测评!O$7/M$39) | O46: =IF(I46="N/A","N/A",I46*N46) | P46: =IF(I46="N/A","N/A",N46-O46)
B47: 现金管理系统与烟草之间的通道 | C47: 适用 | D47: × | E47: / | F47: / | G47: 1 | H47: 1 | I47: =IF(C47="不适用","N/A",IF(D47<>"√",0,IF((E47="√")*AND(F47="√"),1,IF((E47<>"√")*AND(F47="√"),0.5*G47,IF((E47="√")*AND(F47<>"√"),0.5*H47,IF((E47<>"√")*AND(F47<>"√"),0.25*G47*H47)))))) | J47: =IF(I47="N/A","不适用",IF(I47=1,"符合",IF(I47=0,"不符合","部分符合"))) | N47: =IF(I47="N/A","N/A",整体测评!O$7/M$39) | O47: =IF(I47="N/A","N/A",I47*N47) | P47: =IF(I47="N/A","N/A",N47-O47)
B48: 现金管理系统与预售房之间的通道 | C48: 适用 | D48: × | E48: / | F48: / | G48: 1 | H48: 1 | I48: =IF(C48="不适用","N/A",IF(D48<>"√",0,IF((E48="√")*AND(F48="√"),1,IF((E48<>"√")*AND(F48="√"),0.5*G48,IF((E48="√")*AND(F48<>"√"),0.5*H48,IF((E48<>"√")*AND(F48<>"√"),0.25*G48*H48)))))) | J48: =IF(I48="N/A","不适用",IF(I48=1,"符合",IF(I48=0,"不符合","部分符合"))) | N48: =IF(I48="N/A","N/A",整体测评!O$7/M$39) | O48: =IF(I48="N/A","N/A",I48*N48) | P48: =IF(I48="N/A","N/A",N48-O48)
B49: 新一代电子不停车收费系统与公路局之间的通道 | C49: 适用 | D49: × | E49: / | F49: / | G49: 1 | H49: 1 | I49: =IF(C49="不适用","N/A",IF(D49<>"√",0,IF((E49="√")*AND(F49="√"),1,IF((E49<>"√")*AND(F49="√"),0.5*G49,IF((E49="√")*AND(F49<>"√"),0.5*H49,IF((E49<>"√")*AND(F49<>"√"),0.25*G49*H49)))))) | J49: =IF(I49="N/A","不适用",IF(I49=1,"符合",IF(I49=0,"不符合","部分符合"))) | N49: =IF(I49="N/A","N/A",整体测评!O$7/M$39) | O49: =IF(I49="N/A","N/A",I49*N49) | P49: =IF(I49="N/A","N/A",N49-O49)
B50: 代收付系统与医保厅之间的通道 | C50: 适用 | D50: × | E50: / | F50: / | G50: 1 | H50: 1 | I50: =IF(C50="不适用","N/A",IF(D50<>"√",0,IF((E50="√")*AND(F50="√"),1,IF((E50<>"√")*AND(F50="√"),0.5*G50,IF((E50="√")*AND(F50<>"√"),0.5*H50,IF((E50<>"√")*AND(F50<>"√"),0.25*G50*H50)))))) | J50: =IF(I50="N/A","不适用",IF(I50=1,"符合",IF(I50=0,"不符合","部分符合"))) | N50: =IF(I50="N/A","N/A",整体测评!O$7/M$39) | O50: =IF(I50="N/A","N/A",I50*N50) | P50: =IF(I50="N/A","N/A",N50-O50)
B51: 代收付系统与学校之间的通道 | C51: 适用 | D51: × | E51: / | F51: / | G51: 1 | H51: 1 | I51: =IF(C51="不适用","N/A",IF(D51<>"√",0,IF((E51="√")*AND(F51="√"),1,IF((E51<>"√")*AND(F51="√"),0.5*G51,IF((E51="√")*AND(F51<>"√"),0.5*H51,IF((E51<>"√")*AND(F51<>"√"),0.25*G51*H51)))))) | J51: =IF(I51="N/A","不适用",IF(I51=1,"符合",IF(I51=0,"不符合","部分符合"))) | N51: =IF(I51="N/A","N/A",整体测评!O$7/M$39) | O51: =IF(I51="N/A","N/A",I51*N51) | P51: =IF(I51="N/A","N/A",N51-O51)
... B72: 勿删 | C72: 不适用 | D72: √ | E72: √ | F72: √ | G72: 1 | H72: 1 | I72: =IF(C72="不适用","N/A",IF(D72<>"√",0,IF((E72="√")*AND(F72="√"),1,IF((E72<>"√")*AND(F72="√"),0.5*G72,IF((E72="√")*AND(F72<>"√"),0.5*H72,IF((E72<>"√")*AND(F72<>"√"),0.25*G72*H72)))))) | J72: =IF(I72="N/A","不适用",IF(I72=1,"符合",IF(I72=0,"不符合","部分符合"))) | N72: =IF(I72="N/A","N/A",整体测评!O$7/M$39) | O72: =IF(I72="N/A","N/A",I72*N72) | P72: =IF(I72="N/A","N/A",N72-O72)
A73: 通信过程中重要数据的机密性 | B73: 智慧缴费系统小程序通道 | C73: 适用 | D73: √ | E73: × | F73: × | G73: 1 | H73: 1 | I73: =IF(C73="不适用","N/A",IF(D73<>"√",0,IF((E73="√")*AND(F73="√"),1,IF((E73<>"√")*AND(F73="√"),0.5*G73,IF((E73="√")*AND(F73<>"√"),0.5*H73,IF((E73<>"√")*AND(F73<>"√"),0.25*G73*H73)))))) | J73: =IF(I73="N/A","不适用",IF(I73=1,"符合",IF(I73=0,"不符合","部分符合"))) | K73: =IF(COUNTIF($I73:$I106,"N/A")=COUNTA($I73:$I106),"N/A",AVERAGE($I73:$I106)) | L73: =IF(K73="N/A","不适用",IF(K73=1,"符合",IF(K73=0,"不符合","部分符合"))) | M73: =(COUNTA($C73:$C106)-COUNTIF($C73:$C106,"不适用")) | N73: =IF(I73="N/A","N/A",整体测评!O$8/M$73) | O73: =IF(I73="N/A","N/A",I73*N73) | P73: =IF(I73="N/A","N/A",N73-O73)
B74: 智慧缴费系统与吴忠供热之间的通道 | C74: 适用 | D74: × | E74: / | F74: / | G74: 1 | H74: 1 | I74: =IF(C74="不适用","N/A",IF(D74<>"√",0,IF((E74="√")*AND(F74="√"),1,IF((E74<>"√")*AND(F74="√"),0.5*G74,IF((E74="√")*AND(F74<>"√"),0.5*H74,IF((E74<>"√")*AND(F74<>"√"),0.25*G74*H74)))))) | J74: =IF(I74="N/A","不适用",IF(I74=1,"符合",IF(I74=0,"不符合","部分符合"))) | N74: =IF(I74="N/A","N/A",整体测评!O$8/M$73) | O74: =IF(I74="N/A","N/A",I74*N74) | P74: =IF(I74="N/A","N/A",N74-O74)
B75: 智慧缴费系统与吴忠水发之间的通道 | C75: 适用 | D75: × | E75: / | F75: / | G75: 1 | H75: 1 | I75: =IF(C75="不适用","N/A",IF(D75<>"√",0,IF((E75="√")*AND(F75="√"),1,IF((E75<>"√")*AND(F75="√"),0.5*G75,IF((E75="√")*AND(F75<>"√"),0.5*H75,IF((E75<>"√")*AND(F75<>"√"),0.25*G75*H75)))))) | J75: =IF(I75="N/A","不适用",IF(I75=1,"符合",IF(I75=0,"不符合","部分符合"))) | N75: =IF(I75="N/A","N/A",整体测评!O$8/M$73) | O75: =IF(I75="N/A","N/A",I75*N75) | P75: =IF(I75="N/A","N/A",N75-O75)
B76: 智慧缴费系统与高速缴费之间的通道 | C76: 适用 | D76: × | E76: / | F76: / | G76: 1 | H76: 1 | I76: =IF(C76="不适用","N/A",IF(D76<>"√",0,IF((E76="√")*AND(F76="√"),1,IF((E76<>"√")*AND(F76="√"),0.5*G76,IF((E76="√")*AND(F76<>"√"),0.5*H76,IF((E76<>"√")*AND(F76<>"√"),0.25*G76*H76)))))) | J76: =IF(I76="N/A","不适用",IF(I76=1,"符合",IF(I76=0,"不符合","部分符合"))) | N76: =IF(I76="N/A","N/A",整体测评!O$8/M$73) | O76: =IF(I76="N/A","N/A",I76*N76) | P76: =IF(I76="N/A","N/A",N76-O76)
B77: 智慧缴费系统与新南燃气之间的通道 | C77: 适用 | D77: × | E77: / | F77: / | G77: 1 | H77: 1 | I77: =IF(C77="不适用","N/A",IF(D77<>"√",0,IF((E77="√")*AND(F77="√"),1,IF((E77<>"√")*AND(F77="√"),0.5*G77,IF((E77="√")*AND(F77<>"√"),0.5*H77,IF((E77<>"√")*AND(F77<>"√"),0.25*G77*H77)))))) | J77: =IF(I77="N/A","不适用",IF(I77=1,"符合",IF(I77=0,"不符合","部分符合"))) | N77: =IF(I77="N/A","N/A",整体测评!O$8/M$73) | O77: =IF(I77="N/A","N/A",I77*N77) | P77: =IF(I77="N/A","N/A",N77-O77)
B78: PC端访问现金管理系统的通道 | C78: 适用 | D78: × | E78: / | F78: / | G78: 1 | H78: 1 | I78: =IF(C78="不适用","N/A",IF(D78<>"√",0,IF((E78="√")*AND(F78="√"),1,IF((E78<>"√")*AND(F78="√"),0.5*G78,IF((E78="√")*AND(F78<>"√"),0.5*H78,IF((E78<>"√")*AND(F78<>"√"),0.25*G78*H78)))))) | J78: =IF(I78="N/A","不适用",IF(I78=1,"符合",IF(I78=0,"不符合","部分符合"))) | N78: =IF(I78="N/A","N/A",整体测评!O$8/M$73) | O78: =IF(I78="N/A","N/A",I78*N78) | P78: =IF(I78="N/A","N/A",N78-O78)
B79: 现金管理系统与国电之间的通道 | C79: 适用 | D79: × | E79: / | F79: / | G79: 1 | H79: 1 | I79: =IF(C79="不适用","N/A",IF(D79<>"√",0,IF((E79="√")*AND(F79="√"),1,IF((E79<>"√")*AND(F79="√"),0.5*G79,IF((E79="√")*AND(F79<>"√"),0.5*H79,IF((E79<>"√")*AND(F79<>"√"),0.25*G79*H79)))))) | J79: =IF(I79="N/A","不适用",IF(I79=1,"符合",IF(I79=0,"不符合","部分符合"))) | N79: =IF(I79="N/A","N/A",整体测评!O$8/M$73) | O79: =IF(I79="N/A","N/A",I79*N79) | P79: =IF(I79="N/A","N/A",N79-O79)
B80: 现金管理系统与监狱管理局之间的通道 | C80: 适用 | D80: × | E80: / | F80: / | G80: 1 | H80: 1 | I80: =IF(C80="不适用","N/A",IF(D80<>"√",0,IF((E80="√")*AND(F80="√"),1,IF((E80<>"√")*AND(F80="√"),0.5*G80,IF((E80="√")*AND(F80<>"√"),0.5*H80,IF((E80<>"√")*AND(F80<>"√"),0.25*G80*H80)))))) | J80: =IF(I80="N/A","不适用",IF(I80=1,"符合",IF(I80=0,"不符合","部分符合"))) | N80: =IF(I80="N/A","N/A",整体测评!O$8/M$73) | O80: =IF(I80="N/A","N/A",I80*N80) | P80: =IF(I80="N/A","N/A",N80-O80)
B81: 现金管理系统与烟草之间的通道 | C81: 适用 | D81: × | E81: / | F81: / | G81: 1 | H81: 1 | I81: =IF(C81="不适用","N/A",IF(D81<>"√",0,IF((E81="√")*AND(F81="√"),1,IF((E81<>"√")*AND(F81="√"),0.5*G81,IF((E81="√")*AND(F81<>"√"),0.5*H81,IF((E81<>"√")*AND(F81<>"√"),0.25*G81*H81)))))) | J81: =IF(I81="N/A","不适用",IF(I81=1,"符合",IF(I81=0,"不符合","部分符合"))) | N81: =IF(I81="N/A","N/A",整体测评!O$8/M$73) | O81: =IF(I81="N/A","N/A",I81*N81) | P81: =IF(I81="N/A","N/A",N81-O81)
B82: 现金管理系统与预售房之间的通道 | C82: 适用 | D82: × | E82: / | F82: / | G82: 1 | H82: 1 | I82: =IF(C82="不适用","N/A",IF(D82<>"√",0,IF((E82="√")*AND(F82="√"),1,IF((E82<>"√")*AND(F82="√"),0.5*G82,IF((E82="√")*AND(F82<>"√"),0.5*H82,IF((E82<>"√")*AND(F82<>"√"),0.25*G82*H82)))))) | J82: =IF(I82="N/A","不适用",IF(I82=1,"符合",IF(I82=0,"不符合","部分符合"))) | N82: =IF(I82="N/A","N/A",整体测评!O$8/M$73) | O82: =IF(I82="N/A","N/A",I82*N82) | P82: =IF(I82="N/A","N/A",N82-O82)
B83: 新一代电子不停车收费系统与公路局之间的通道 | C83: 适用 | D83: × | E83: / | F83: / | G83: 1 | H83: 1 | I83: =IF(C83="不适用","N/A",IF(D83<>"√",0,IF((E83="√")*AND(F83="√"),1,IF((E83<>"√")*AND(F83="√"),0.5*G83,IF((E83="√")*AND(F83<>"√"),0.5*H83,IF((E83<>"√")*AND(F83<>"√"),0.25*G83*H83)))))) | J83: =IF(I83="N/A","不适用",IF(I83=1,"符合",IF(I83=0,"不符合","部分符合"))) | N83: =IF(I83="N/A","N/A",整体测评!O$8/M$73) | O83: =IF(I83="N/A","N/A",I83*N83) | P83: =IF(I83="N/A","N/A",N83-O83)
B84: 代收付系统与医保厅之间的通道 | C84: 适用 | D84: × | E84: / | F84: / | G84: 1 | H84: 1 | I84: =IF(C84="不适用","N/A",IF(D84<>"√",0,IF((E84="√")*AND(F84="√"),1,IF((E84<>"√")*AND(F84="√"),0.5*G84,IF((E84="√")*AND(F84<>"√"),0.5*H84,IF((E84<>"√")*AND(F84<>"√"),0.25*G84*H84)))))) | J84: =IF(I84="N/A","不适用",IF(I84=1,"符合",IF(I84=0,"不符合","部分符合"))) | N84: =IF(I84="N/A","N/A",整体测评!O$8/M$73) | O84: =IF(I84="N/A","N/A",I84*N84) | P84: =IF(I84="N/A","N/A",N84-O84)
B85: 代收付系统与学校之间的通道 | C85: 适用 | D85: × | E85: / | F85: / | G85: 1 | H85: 1 | I85: =IF(C85="不适用","N/A",IF(D85<>"√",0,IF((E85="√")*AND(F85="√"),1,IF((E85<>"√")*AND(F85="√"),0.5*G85,IF((E85="√")*AND(F85<>"√"),0.5*H85,IF((E85<>"√")*AND(F85<>"√"),0.25*G85*H85)))))) | J85: =IF(I85="N/A","不适用",IF(I85=1,"符合",IF(I85=0,"不符合","部分符合"))) | N85: =IF(I85="N/A","N/A",整体测评!O$8/M$73) | O85: =IF(I85="N/A","N/A",I85*N85) | P85: =IF(I85="N/A","N/A",N85-O85)
... B106: 勿删 | C106: 不适用 | D106: √ | E106: √ | F106: √ | G106: 1 | H106: 1 | I106: =IF(C106="不适用","N/A",IF(D106<>"√",0,IF((E106="√")*AND(F106="√"),1,IF((E106<>"√")*AND(F106="√"),0.5*G106,IF((E106="√")*AND(F106<>"√"),0.5*H106,IF((E106<>"√")*AND(F106<>"√"),0.25*G106*H106)))))) | J106: =IF(I106="N/A","不适用",IF(I106=1,"符合",IF(I106=0,"不符合","部分符合"))) | N106: =IF(I106="N/A","N/A",整体测评!O$8/M$73) | O106: =IF(I106="N/A","N/A",I106*N106) | P106: =IF(I106="N/A","N/A",N106-O106)
A107: 网络边界访问控制信息的完整性 | B107: 所有通道 | C107: 适用 | D107: × | G107: 1 | H107: 1 | I107: =IF(C107="不适用","N/A",IF(D107<>"√",0,IF((E107="√")*AND(F107="√"),1,IF((E107<>"√")*AND(F107="√"),0.5*G107,IF((E107="√")*AND(F107<>"√"),0.5*H107,IF((E107<>"√")*AND(F107<>"√"),0.25*G107*H107)))))) | J107: =IF(I107="N/A","不适用",IF(I107=1,"符合",IF(I107=0,"不符合","部分符合"))) | K107: =IF(COUNTIF($I107:$I108,"N/A")=COUNTA($I107:$I108),"N/A",AVERAGE($I107:$I108)) | L107: =IF(K107="N/A","不适用",IF(K107=1,"符合",IF(K107=0,"不符合","部分符合"))) | M107: =(COUNTA($C107:$C108)-COUNTIF($C107:$C108,"不适用")) | N107: =IF(I107="N/A","N/A",整体测评!O$9/M$107) | O107: =IF(I107="N/A","N/A",I107*N107) | P107: =IF(I107="N/A","N/A",N107-O107)
B108: 勿删 | C108: 不适用 | D108: √ | E108: √ | F108: √ | G108: 1 | H108: 1 | I108: =IF(C108="不适用","N/A",IF(D108<>"√",0,IF((E108="√")*AND(F108="√"),1,IF((E108<>"√")*AND(F108="√"),0.5*G108,IF((E108="√")*AND(F108<>"√"),0.5*H108,IF((E108<>"√")*AND(F108<>"√"),0.25*G108*H108)))))) | J108: =IF(I108="N/A","不适用",IF(I108=1,"符合",IF(I108=0,"不符合","部分符合"))) | N108: =IF(I108="N/A","N/A",整体测评!O$9/M$107) | O108: =IF(I108="N/A","N/A",I108*N108) | P108: =IF(I108="N/A","N/A",N108-O108)
A109: 安全接入认证 | B109: 所有通道 | C109: 不适用 | G109: 1 | H109: 1 | I109: =IF(C109="不适用","N/A",IF(D109<>"√",0,IF((E109="√")*AND(F109="√"),1,IF((E109<>"√")*AND(F109="√"),0.5*G109,IF((E109="√")*AND(F109<>"√"),0.5*H109,IF((E109<>"√")*AND(F109<>"√"),0.25*G109*H109)))))) | J109: =IF(I109="N/A","不适用",IF(I109=1,"符合",IF(I109=0,"不符合","部分符合"))) | K109: =IF(COUNTIF($I109:$I110,"N/A")=COUNTA($I109:$I110),"N/A",AVERAGE($I109:$I110)) | L109: =IF(K109="N/A","不适用",IF(K109=1,"符合",IF(K109=0,"不符合","部分符合"))) | M109: =(COUNTA($C109:$C110)-COUNTIF($C109:$C110,"不适用")) | N109: =IF(I109="N/A","N/A",整体测评!O$10/M$109) | O109: =IF(I109="N/A","N/A",I109*N109) | P109: =IF(I109="N/A","N/A",N109-O109)
B110: 勿删 | C110: 不适用 | G110: 1 | H110: 1 | I110: =IF(C110="不适用","N/A",IF(D110<>"√",0,IF((E110="√")*AND(F110="√"),1,IF((E110<>"√")*AND(F110="√"),0.5*G110,IF((E110="√")*AND(F110<>"√"),0.5*H110,IF((E110<>"√")*AND(F110<>"√"),0.25*G110*H110)))))) | J110: =IF(I110="N/A","不适用",IF(I110=1,"符合",IF(I110=0,"不符合","部分符合"))) | N110: =IF(I110="N/A","N/A",整体测评!O$10/M$109) | O110: =IF(I110="N/A","N/A",I110*N110) | P110: =IF(I110="N/A","N/A",N110-O110)

Sheet 3设备和计算安全
A1: 设备和计算安全
A3: 测评单元 | B3: 测评对象 | C3: 适用情况 | D3: 涉及情况 | I3: 分值 Si,j,k | J3: 符合情况 | K3: 测评单元得分 S i, j | L3: 单元测评结果 | M3: 有效对象数量 | N3: 所占分值 | O3: 已得分值 | P3: 丢失分值
D4: 密码使用有效性D | E4: 密码算法/技术 合规性A | F4: 密钥管理安全K | G4: Ra | H4: Rk
A5: 身份鉴别 | B5: OBS管理平台 | C5: 适用 | D5: √ | E5: √ | F5: √ | G5: 1 | H5: 1 | I5: =IF(C5="不适用","N/A",IF(D5<>"√",0,IF((E5="√")*AND(F5="√"),1,IF((E5<>"√")*AND(F5="√"),0.5*G5,IF((E5="√")*AND(F5<>"√"),0.5*H5,IF((E5<>"√")*AND(F5<>"√"),0.25*G5*H5)))))) | J5: =IF(I5="N/A","不适用",IF(I5=1,"符合",IF(I5=0,"不符合","部分符合"))) | K5: =IF(COUNTIF($I5:$I13,"N/A")=COUNTA($I5:$I13),"N/A",AVERAGE($I5:$I13)) | L5: =IF(K5="N/A","不适用",IF(K5=1,"符合",IF(K5=0,"不符合","部分符合"))) | M5: =(COUNTA($C5:$C13)-COUNTIF($C5:$C13,"不适用")) | N5: =IF(I5="N/A","N/A",整体测评!O$11/M$5) | O5: =IF(I5="N/A","N/A",I5*N5) | P5: =IF(I5="N/A","N/A",N5-O5)
B6: 麒麟V10服务器 | C6: 适用 | D6: × | E6: / | F6: / | G6: 1 | H6: 1 | I6: =IF(C6="不适用","N/A",IF(D6<>"√",0,IF((E6="√")*AND(F6="√"),1,IF((E6<>"√")*AND(F6="√"),0.5*G6,IF((E6="√")*AND(F6<>"√"),0.5*H6,IF((E6<>"√")*AND(F6<>"√"),0.25*G6*H6)))))) | J6: =IF(I6="N/A","不适用",IF(I6=1,"符合",IF(I6=0,"不符合","部分符合"))) | N6: =IF(I6="N/A","N/A",整体测评!O$11/M$5) | O6: =IF(I6="N/A","N/A",I6*N6) | P6: =IF(I6="N/A","N/A",N6-O6)
B7: Linux服务器 | C7: 适用 | D7: × | E7: / | F7: / | G7: 1 | H7: 1 | I7: =IF(C7="不适用","N/A",IF(D7<>"√",0,IF((E7="√")*AND(F7="√"),1,IF((E7<>"√")*AND(F7="√"),0.5*G7,IF((E7="√")*AND(F7<>"√"),0.5*H7,IF((E7<>"√")*AND(F7<>"√"),0.25*G7*H7)))))) | J7: =IF(I7="N/A","不适用",IF(I7=1,"符合",IF(I7=0,"不符合","部分符合"))) | N7: =IF(I7="N/A","N/A",整体测评!O$11/M$5) | O7: =IF(I7="N/A","N/A",I7*N7) | P7: =IF(I7="N/A","N/A",N7-O7)
B8: Oracle数据库 | C8: 适用 | D8: × | E8: / | F8: / | G8: 1 | H8: 1 | I8: =IF(C8="不适用","N/A",IF(D8<>"√",0,IF((E8="√")*AND(F8="√"),1,IF((E8<>"√")*AND(F8="√"),0.5*G8,IF((E8="√")*AND(F8<>"√"),0.5*H8,IF((E8<>"√")*AND(F8<>"√"),0.25*G8*H8)))))) | J8: =IF(I8="N/A","不适用",IF(I8=1,"符合",IF(I8=0,"不符合","部分符合"))) | N8: =IF(I8="N/A","N/A",整体测评!O$11/M$5) | O8: =IF(I8="N/A","N/A",I8*N8) | P8: =IF(I8="N/A","N/A",N8-O8)
B9: 签名验签服务器 | C9: 适用 | D9: × | E9: / | F9: / | G9: 1 | H9: 1 | I9: =IF(C9="不适用","N/A",IF(D9<>"√",0,IF((E9="√")*AND(F9="√"),1,IF((E9<>"√")*AND(F9="√"),0.5*G9,IF((E9="√")*AND(F9<>"√"),0.5*H9,IF((E9<>"√")*AND(F9<>"√"),0.25*G9*H9)))))) | J9: =IF(I9="N/A","不适用",IF(I9=1,"符合",IF(I9=0,"不符合","部分符合"))) | N9: =IF(I9="N/A","N/A",整体测评!O$11/M$5) | O9: =IF(I9="N/A","N/A",I9*N9) | P9: =IF(I9="N/A","N/A",N9-O9)
B10: 服务器密码机 | C10: 适用 | D10: × | E10: / | F10: / | G10: 1 | H10: 1 | I10: =IF(C10="不适用","N/A",IF(D10<>"√",0,IF((E10="√")*AND(F10="√"),1,IF((E10<>"√")*AND(F10="√"),0.5*G10,IF((E10="√")*AND(F10<>"√"),0.5*H10,IF((E10<>"√")*AND(F10<>"√"),0.25*G10*H10)))))) | J10: =IF(I10="N/A","不适用",IF(I10=1,"符合",IF(I10=0,"不符合","部分符合"))) | N10: =IF(I10="N/A","N/A",整体测评!O$11/M$5) | O10: =IF(I10="N/A","N/A",I10*N10) | P10: =IF(I10="N/A","N/A",N10-O10)
B11: TDSQL数据库 | C11: 适用 | D11: × | E11: / | F11: / | G11: 1 | H11: 1 | I11: =IF(C11="不适用","N/A",IF(D11<>"√",0,IF((E11="√")*AND(F11="√"),1,IF((E11<>"√")*AND(F11="√"),0.5*G11,IF((E11="√")*AND(F11<>"√"),0.5*H11,IF((E11<>"√")*AND(F11<>"√"),0.25*G11*H11)))))) | J11: =IF(I11="N/A","不适用",IF(I11=1,"符合",IF(I11=0,"不符合","部分符合"))) | N11: =IF(I11="N/A","N/A",整体测评!O$11/M$5) | O11: =IF(I11="N/A","N/A",I11*N11) | P11: =IF(I11="N/A","N/A",N11-O11)
B12: SOM安全运维管理平台 | C12: 适用 | D12: √ | E12: √ | F12: × | G12: 1 | H12: 1.2 | I12: =IF(C12="不适用","N/A",IF(D12<>"√",0,IF((E12="√")*AND(F12="√"),1,IF((E12<>"√")*AND(F12="√"),0.5*G12,IF((E12="√")*AND(F12<>"√"),0.5*H12,IF((E12<>"√")*AND(F12<>"√"),0.25*G12*H12)))))) | J12: =IF(I12="N/A","不适用",IF(I12=1,"符合",IF(I12=0,"不符合","部分符合"))) | N12: =IF(I12="N/A","N/A",整体测评!O$11/M$5) | O12: =IF(I12="N/A","N/A",I12*N12) | P12: =IF(I12="N/A","N/A",N12-O12)
B13: 勿删 | C13: 不适用 | G13: 1 | H13: 1 | I13: =IF(C13="不适用","N/A",IF(D13<>"√",0,IF((E13="√")*AND(F13="√"),1,IF((E13<>"√")*AND(F13="√"),0.5*G13,IF((E13="√")*AND(F13<>"√"),0.5*H13,IF((E13<>"√")*AND(F13<>"√"),0.25*G13*H13)))))) | J13: =IF(I13="N/A","不适用",IF(I13=1,"符合",IF(I13=0,"不符合","部分符合"))) | N13: =IF(I13="N/A","N/A",整体测评!O$11/M$5) | O13: =IF(I13="N/A","N/A",I13*N13) | P13: =IF(I13="N/A","N/A",N13-O13)
A14: 远程管理通道安全 | B14: OBS管理平台 | C14: 适用 | D14: √ | E14: × | F14: × | G14: 1 | H14: 1 | I14: =IF(C14="不适用","N/A",IF(D14<>"√",0,IF((E14="√")*AND(F14="√"),1,IF((E14<>"√")*AND(F14="√"),0.5*G14,IF((E14="√")*AND(F14<>"√"),0.5*H14,IF((E14<>"√")*AND(F14<>"√"),0.25*G14*H14)))))) | J14: =IF(I14="N/A","不适用",IF(I14=1,"符合",IF(I14=0,"不符合","部分符合"))) | K14: =IF(COUNTIF($I14:$I22,"N/A")=COUNTA($I14:$I22),"N/A",AVERAGE($I14:$I22)) | L14: =IF(K14="N/A","不适用",IF(K14=1,"符合",IF(K14=0,"不符合","部分符合"))) | M14: =(COUNTA($C14:$C22)-COUNTIF($C14:$C22,"不适用")) | N14: =IF(I14="N/A","N/A",整体测评!O$12/M$14) | O14: =IF(I14="N/A","N/A",I14*N14) | P14: =IF(I14="N/A","N/A",N14-O14)
B15: 麒麟V10服务器 | C15: 适用 | D15: √ | E15: × | F15: × | G15: 1 | H15: 1 | I15: =IF(C15="不适用","N/A",IF(D15<>"√",0,IF((E15="√")*AND(F15="√"),1,IF((E15<>"√")*AND(F15="√"),0.5*G15,IF((E15="√")*AND(F15<>"√"),0.5*H15,IF((E15<>"√")*AND(F15<>"√"),0.25*G15*H15)))))) | J15: =IF(I15="N/A","不适用",IF(I15=1,"符合",IF(I15=0,"不符合","部分符合"))) | N15: =IF(I15="N/A","N/A",整体测评!O$12/M$14) | O15: =IF(I15="N/A","N/A",I15*N15) | P15: =IF(I15="N/A","N/A",N15-O15)
B16: Linux服务器 | C16: 适用 | D16: √ | E16: × | F16: × | G16: 1 | H16: 1 | I16: =IF(C16="不适用","N/A",IF(D16<>"√",0,IF((E16="√")*AND(F16="√"),1,IF((E16<>"√")*AND(F16="√"),0.5*G16,IF((E16="√")*AND(F16<>"√"),0.5*H16,IF((E16<>"√")*AND(F16<>"√"),0.25*G16*H16)))))) | J16: =IF(I16="N/A","不适用",IF(I16=1,"符合",IF(I16=0,"不符合","部分符合"))) | N16: =IF(I16="N/A","N/A",整体测评!O$12/M$14) | O16: =IF(I16="N/A","N/A",I16*N16) | P16: =IF(I16="N/A","N/A",N16-O16)
B17: Oracle数据库 | C17: 适用 | D17: × | E17: / | F17: / | G17: 1 | H17: 1 | I17: =IF(C17="不适用","N/A",IF(D17<>"√",0,IF((E17="√")*AND(F17="√"),1,IF((E17<>"√")*AND(F17="√"),0.5*G17,IF((E17="√")*AND(F17<>"√"),0.5*H17,IF((E17<>"√")*AND(F17<>"√"),0.25*G17*H17)))))) | J17: =IF(I17="N/A","不适用",IF(I17=1,"符合",IF(I17=0,"不符合","部分符合"))) | N17: =IF(I17="N/A","N/A",整体测评!O$12/M$14) | O17: =IF(I17="N/A","N/A",I17*N17) | P17: =IF(I17="N/A","N/A",N17-O17)
B18: 签名验签服务器 | C18: 不适用 | D18: × | E18: / | F18: / | I18: =IF(C18="不适用","N/A",IF(D18<>"√",0,IF((E18="√")*AND(F18="√"),1,IF((E18<>"√")*AND(F18="√"),0.5*G18,IF((E18="√")*AND(F18<>"√"),0.5*H18,IF((E18<>"√")*AND(F18<>"√"),0.25*G18*H18)))))) | J18: =IF(I18="N/A","不适用",IF(I18=1,"符合",IF(I18=0,"不符合","部分符合"))) | N18: =IF(I18="N/A","N/A",整体测评!O$12/M$14) | O18: =IF(I18="N/A","N/A",I18*N18) | P18: =IF(I18="N/A","N/A",N18-O18)
B19: 服务器密码机 | C19: 不适用 | D19: × | E19: / | F19: / | G19: 1 | H19: 1 | I19: =IF(C19="不适用","N/A",IF(D19<>"√",0,IF((E19="√")*AND(F19="√"),1,IF((E19<>"√")*AND(F19="√"),0.5*G19,IF((E19="√")*AND(F19<>"√"),0.5*H19,IF((E19<>"√")*AND(F19<>"√"),0.25*G19*H19)))))) | J19: =IF(I19="N/A","不适用",IF(I19=1,"符合",IF(I19=0,"不符合","部分符合"))) | N19: =IF(I19="N/A","N/A",整体测评!O$12/M$14) | O19: =IF(I19="N/A","N/A",I19*N19) | P19: =IF(I19="N/A","N/A",N19-O19)
B20: TDSQL数据库 | C20: 适用 | D20: × | E20: / | F20: / | G20: 1 | H20: 1 | I20: =IF(C20="不适用","N/A",IF(D20<>"√",0,IF((E20="√")*AND(F20="√"),1,IF((E20<>"√")*AND(F20="√"),0.5*G20,IF((E20="√")*AND(F20<>"√"),0.5*H20,IF((E20<>"√")*AND(F20<>"√"),0.25*G20*H20)))))) | J20: =IF(I20="N/A","不适用",IF(I20=1,"符合",IF(I20=0,"不符合","部分符合"))) | N20: =IF(I20="N/A","N/A",整体测评!O$12/M$14) | O20: =IF(I20="N/A","N/A",I20*N20) | P20: =IF(I20="N/A","N/A",N20-O20)
B21: SOM安全运维管理平台 | C21: 适用 | D21: √ | E21: × | F21: × | G21: 1 | H21: 1 | I21: =IF(C21="不适用","N/A",IF(D21<>"√",0,IF((E21="√")*AND(F21="√"),1,IF((E21<>"√")*AND(F21="√"),0.5*G21,IF((E21="√")*AND(F21<>"√"),0.5*H21,IF((E21<>"√")*AND(F21<>"√"),0.25*G21*H21)))))) | J21: =IF(I21="N/A","不适用",IF(I21=1,"符合",IF(I21=0,"不符合","部分符合"))) | N21: =IF(I21="N/A","N/A",整体测评!O$12/M$14) | O21: =IF(I21="N/A","N/A",I21*N21) | P21: =IF(I21="N/A","N/A",N21-O21)
B22: 勿删 | C22: 不适用 | G22: 1 | H22: 1 | I22: =IF(C22="不适用","N/A",IF(D22<>"√",0,IF((E22="√")*AND(F22="√"),1,IF((E22<>"√")*AND(F22="√"),0.5*G22,IF((E22="√")*AND(F22<>"√"),0.5*H22,IF((E22<>"√")*AND(F22<>"√"),0.25*G22*H22)))))) | J22: =IF(I22="N/A","不适用",IF(I22=1,"符合",IF(I22=0,"不符合","部分符合"))) | N22: =IF(I22="N/A","N/A",整体测评!O$12/M$14) | O22: =IF(I22="N/A","N/A",I22*N22) | P22: =IF(I22="N/A","N/A",N22-O22)
A23: 系统资源访问控制信息完整性 | B23: OBS管理平台 | C23: 适用 | D23: √ | E23: √ | F23: √ | G23: 1 | H23: 1 | I23: =IF(C23="不适用","N/A",IF(D23<>"√",0,IF((E23="√")*AND(F23="√"),1,IF((E23<>"√")*AND(F23="√"),0.5*G23,IF((E23="√")*AND(F23<>"√"),0.5*H23,IF((E23<>"√")*AND(F23<>"√"),0.25*G23*H23)))))) | J23: =IF(I23="N/A","不适用",IF(I23=1,"符合",IF(I23=0,"不符合","部分符合"))) | K23: =IF(COUNTIF($I23:$I31,"N/A")=COUNTA($I23:$I31),"N/A",AVERAGE($I23:$I31)) | L23: =IF(K23="N/A","不适用",IF(K23=1,"符合",IF(K23=0,"不符合","部分符合"))) | M23: =(COUNTA($C23:$C31)-COUNTIF($C23:$C31,"不适用")) | N23: =IF(I23="N/A","N/A",整体测评!O$13/M$23) | O23: =IF(I23="N/A","N/A",I23*N23) | P23: =IF(I23="N/A","N/A",N23-O23)
B24: 麒麟V10服务器 | C24: 适用 | D24: × | E24: / | F24: / | G24: 1 | H24: 1 | I24: =IF(C24="不适用","N/A",IF(D24<>"√",0,IF((E24="√")*AND(F24="√"),1,IF((E24<>"√")*AND(F24="√"),0.5*G24,IF((E24="√")*AND(F24<>"√"),0.5*H24,IF((E24<>"√")*AND(F24<>"√"),0.25*G24*H24)))))) | J24: =IF(I24="N/A","不适用",IF(I24=1,"符合",IF(I24=0,"不符合","部分符合"))) | N24: =IF(I24="N/A","N/A",整体测评!O$13/M$23) | O24: =IF(I24="N/A","N/A",I24*N24) | P24: =IF(I24="N/A","N/A",N24-O24)
B25: Linux服务器 | C25: 适用 | D25: × | E25: / | F25: / | G25: 1 | H25: 1 | I25: =IF(C25="不适用","N/A",IF(D25<>"√",0,IF((E25="√")*AND(F25="√"),1,IF((E25<>"√")*AND(F25="√"),0.5*G25,IF((E25="√")*AND(F25<>"√"),0.5*H25,IF((E25<>"√")*AND(F25<>"√"),0.25*G25*H25)))))) | J25: =IF(I25="N/A","不适用",IF(I25=1,"符合",IF(I25=0,"不符合","部分符合"))) | N25: =IF(I25="N/A","N/A",整体测评!O$13/M$23) | O25: =IF(I25="N/A","N/A",I25*N25) | P25: =IF(I25="N/A","N/A",N25-O25)
B26: Oracle数据库 | C26: 适用 | D26: × | E26: / | F26: / | G26: 1 | H26: 1 | I26: =IF(C26="不适用","N/A",IF(D26<>"√",0,IF((E26="√")*AND(F26="√"),1,IF((E26<>"√")*AND(F26="√"),0.5*G26,IF((E26="√")*AND(F26<>"√"),0.5*H26,IF((E26<>"√")*AND(F26<>"√"),0.25*G26*H26)))))) | J26: =IF(I26="N/A","不适用",IF(I26=1,"符合",IF(I26=0,"不符合","部分符合"))) | N26: =IF(I26="N/A","N/A",整体测评!O$13/M$23) | O26: =IF(I26="N/A","N/A",I26*N26) | P26: =IF(I26="N/A","N/A",N26-O26)
B27: 签名验签服务器 | C27: 适用 | D27: √ | E27: √ | F27: √ | G27: 1 | H27: 1 | I27: =IF(C27="不适用","N/A",IF(D27<>"√",0,IF((E27="√")*AND(F27="√"),1,IF((E27<>"√")*AND(F27="√"),0.5*G27,IF((E27="√")*AND(F27<>"√"),0.5*H27,IF((E27<>"√")*AND(F27<>"√"),0.25*G27*H27)))))) | J27: =IF(I27="N/A","不适用",IF(I27=1,"符合",IF(I27=0,"不符合","部分符合"))) | N27: =IF(I27="N/A","N/A",整体测评!O$13/M$23) | O27: =IF(I27="N/A","N/A",I27*N27) | P27: =IF(I27="N/A","N/A",N27-O27)
B28: 服务器密码机 | C28: 适用 | D28: √ | E28: √ | F28: √ | G28: 1 | H28: 1 | I28: =IF(C28="不适用","N/A",IF(D28<>"√",0,IF((E28="√")*AND(F28="√"),1,IF((E28<>"√")*AND(F28="√"),0.5*G28,IF((E28="√")*AND(F28<>"√"),0.5*H28,IF((E28<>"√")*AND(F28<>"√"),0.25*G28*H28)))))) | J28: =IF(I28="N/A","不适用",IF(I28=1,"符合",IF(I28=0,"不符合","部分符合"))) | N28: =IF(I28="N/A","N/A",整体测评!O$13/M$23) | O28: =IF(I28="N/A","N/A",I28*N28) | P28: =IF(I28="N/A","N/A",N28-O28)
B29: TDSQL数据库 | C29: 适用 | D29: × | E29: / | F29: / | G29: 1 | H29: 1 | I29: =IF(C29="不适用","N/A",IF(D29<>"√",0,IF((E29="√")*AND(F29="√"),1,IF((E29<>"√")*AND(F29="√"),0.5*G29,IF((E29="√")*AND(F29<>"√"),0.5*H29,IF((E29<>"√")*AND(F29<>"√"),0.25*G29*H29)))))) | J29: =IF(I29="N/A","不适用",IF(I29=1,"符合",IF(I29=0,"不符合","部分符合"))) | N29: =IF(I29="N/A","N/A",整体测评!O$13/M$23) | O29: =IF(I29="N/A","N/A",I29*N29) | P29: =IF(I29="N/A","N/A",N29-O29)
B30: SOM安全运维管理平台 | C30: 适用 | D30: × | E30: / | F30: / | G30: 1 | H30: 1 | I30: =IF(C30="不适用","N/A",IF(D30<>"√",0,IF((E30="√")*AND(F30="√"),1,IF((E30<>"√")*AND(F30="√"),0.5*G30,IF((E30="√")*AND(F30<>"√"),0.5*H30,IF((E30<>"√")*AND(F30<>"√"),0.25*G30*H30)))))) | J30: =IF(I30="N/A","不适用",IF(I30=1,"符合",IF(I30=0,"不符合","部分符合"))) | N30: =IF(I30="N/A","N/A",整体测评!O$13/M$23) | O30: =IF(I30="N/A","N/A",I30*N30) | P30: =IF(I30="N/A","N/A",N30-O30)
B31: 勿删 | C31: 不适用 | G31: 1 | H31: 1 | I31: =IF(C31="不适用","N/A",IF(D31<>"√",0,IF((E31="√")*AND(F31="√"),1,IF((E31<>"√")*AND(F31="√"),0.5*G31,IF((E31="√")*AND(F31<>"√"),0.5*H31,IF((E31<>"√")*AND(F31<>"√"),0.25*G31*H31)))))) | J31: =IF(I31="N/A","不适用",IF(I31=1,"符合",IF(I31=0,"不符合","部分符合"))) | N31: =IF(I31="N/A","N/A",整体测评!O$13/M$23) | O31: =IF(I31="N/A","N/A",I31*N31) | P31: =IF(I31="N/A","N/A",N31-O31)
A32: 重要信息资源安全标记完整性 | B32: OBS管理平台 | C32: 不适用 | D32: / | E32: / | F32: / | G32: 1 | H32: 1 | I32: =IF(C32="不适用","N/A",IF(D32<>"√",0,IF((E32="√")*AND(F32="√"),1,IF((E32<>"√")*AND(F32="√"),0.5*G32,IF((E32="√")*AND(F32<>"√"),0.5*H32,IF((E32<>"√")*AND(F32<>"√"),0.25*G32*H32)))))) | J32: =IF(I32="N/A","不适用",IF(I32=1,"符合",IF(I32=0,"不符合","部分符合"))) | K32: =IF(COUNTIF($I32:$I40,"N/A")=COUNTA($I32:$I40),"N/A",AVERAGE($I32:$I40)) | L32: =IF(K32="N/A","不适用",IF(K32=1,"符合",IF(K32=0,"不符合","部分符合"))) | M32: =(COUNTA($C32:$C40)-COUNTIF($C32:$C40,"不适用")) | N32: =IF(I32="N/A","N/A",整体测评!O$14/M$32) | O32: =IF(I32="N/A","N/A",I32*N32) | P32: =IF(I32="N/A","N/A",N32-O32)
B33: 麒麟V10服务器 | C33: 不适用 | D33: / | E33: / | F33: / | G33: 1 | H33: 1 | I33: =IF(C33="不适用","N/A",IF(D33<>"√",0,IF((E33="√")*AND(F33="√"),1,IF((E33<>"√")*AND(F33="√"),0.5*G33,IF((E33="√")*AND(F33<>"√"),0.5*H33,IF((E33<>"√")*AND(F33<>"√"),0.25*G33*H33)))))) | J33: =IF(I33="N/A","不适用",IF(I33=1,"符合",IF(I33=0,"不符合","部分符合"))) | N33: =IF(I33="N/A","N/A",整体测评!O$14/M$32) | O33: =IF(I33="N/A","N/A",I33*N33) | P33: =IF(I33="N/A","N/A",N33-O33)
B34: Linux服务器 | C34: 不适用 | D34: / | E34: / | F34: / | G34: 1 | H34: 1 | I34: =IF(C34="不适用","N/A",IF(D34<>"√",0,IF((E34="√")*AND(F34="√"),1,IF((E34<>"√")*AND(F34="√"),0.5*G34,IF((E34="√")*AND(F34<>"√"),0.5*H34,IF((E34<>"√")*AND(F34<>"√"),0.25*G34*H34)))))) | J34: =IF(I34="N/A","不适用",IF(I34=1,"符合",IF(I34=0,"不符合","部分符合"))) | N34: =IF(I34="N/A","N/A",整体测评!O$14/M$32) | O34: =IF(I34="N/A","N/A",I34*N34) | P34: =IF(I34="N/A","N/A",N34-O34)
B35: Oracle数据库 | C35: 不适用 | D35: / | E35: / | F35: / | G35: 1 | H35: 1 | I35: =IF(C35="不适用","N/A",IF(D35<>"√",0,IF((E35="√")*AND(F35="√"),1,IF((E35<>"√")*AND(F35="√"),0.5*G35,IF((E35="√")*AND(F35<>"√"),0.5*H35,IF((E35<>"√")*AND(F35<>"√"),0.25*G35*H35)))))) | J35: =IF(I35="N/A","不适用",IF(I35=1,"符合",IF(I35=0,"不符合","部分符合"))) | N35: =IF(I35="N/A","N/A",整体测评!O$14/M$32) | O35: =IF(I35="N/A","N/A",I35*N35) | P35: =IF(I35="N/A","N/A",N35-O35)
B36: 签名验签服务器 | C36: 不适用 | D36: / | E36: / | F36: / | G36: 1 | H36: 1 | I36: =IF(C36="不适用","N/A",IF(D36<>"√",0,IF((E36="√")*AND(F36="√"),1,IF((E36<>"√")*AND(F36="√"),0.5*G36,IF((E36="√")*AND(F36<>"√"),0.5*H36,IF((E36<>"√")*AND(F36<>"√"),0.25*G36*H36)))))) | J36: =IF(I36="N/A","不适用",IF(I36=1,"符合",IF(I36=0,"不符合","部分符合"))) | N36: =IF(I36="N/A","N/A",整体测评!O$14/M$32) | O36: =IF(I36="N/A","N/A",I36*N36) | P36: =IF(I36="N/A","N/A",N36-O36)
B37: 服务器密码机 | C37: 不适用 | D37: / | E37: / | F37: / | G37: 1 | H37: 1 | I37: =IF(C37="不适用","N/A",IF(D37<>"√",0,IF((E37="√")*AND(F37="√"),1,IF((E37<>"√")*AND(F37="√"),0.5*G37,IF((E37="√")*AND(F37<>"√"),0.5*H37,IF((E37<>"√")*AND(F37<>"√"),0.25*G37*H37)))))) | J37: =IF(I37="N/A","不适用",IF(I37=1,"符合",IF(I37=0,"不符合","部分符合"))) | N37: =IF(I37="N/A","N/A",整体测评!O$14/M$32) | O37: =IF(I37="N/A","N/A",I37*N37) | P37: =IF(I37="N/A","N/A",N37-O37)
B38: TDSQL数据库 | C38: 不适用 | D38: / | E38: / | F38: / | G38: 1 | H38: 1 | I38: =IF(C38="不适用","N/A",IF(D38<>"√",0,IF((E38="√")*AND(F38="√"),1,IF((E38<>"√")*AND(F38="√"),0.5*G38,IF((E38="√")*AND(F38<>"√"),0.5*H38,IF((E38<>"√")*AND(F38<>"√"),0.25*G38*H38)))))) | J38: =IF(I38="N/A","不适用",IF(I38=1,"符合",IF(I38=0,"不符合","部分符合"))) | N38: =IF(I38="N/A","N/A",整体测评!O$14/M$32) | O38: =IF(I38="N/A","N/A",I38*N38) | P38: =IF(I38="N/A","N/A",N38-O38)
B39: SOM安全运维管理平台 | C39: 不适用 | D39: / | E39: / | F39: / | G39: 1 | H39: 1 | I39: =IF(C39="不适用","N/A",IF(D39<>"√",0,IF((E39="√")*AND(F39="√"),1,IF((E39<>"√")*AND(F39="√"),0.5*G39,IF((E39="√")*AND(F39<>"√"),0.5*H39,IF((E39<>"√")*AND(F39<>"√"),0.25*G39*H39)))))) | J39: =IF(I39="N/A","不适用",IF(I39=1,"符合",IF(I39=0,"不符合","部分符合"))) | N39: =IF(I39="N/A","N/A",整体测评!O$14/M$32) | O39: =IF(I39="N/A","N/A",I39*N39) | P39: =IF(I39="N/A","N/A",N39-O39)
B40: 勿删 | C40: 不适用 | G40: 1 | H40: 1 | I40: =IF(C40="不适用","N/A",IF(D40<>"√",0,IF((E40="√")*AND(F40="√"),1,IF((E40<>"√")*AND(F40="√"),0.5*G40,IF((E40="√")*AND(F40<>"√"),0.5*H40,IF((E40<>"√")*AND(F40<>"√"),0.25*G40*H40)))))) | J40: =IF(I40="N/A","不适用",IF(I40=1,"符合",IF(I40=0,"不符合","部分符合"))) | N40: =IF(I40="N/A","N/A",整体测评!O$14/M$32) | O40: =IF(I40="N/A","N/A",I40*N40) | P40: =IF(I40="N/A","N/A",N40-O40)
A41: 日志记录完整性 | B41: OBS管理平台 | C41: 适用 | D41: √ | E41: √ | F41: √ | G41: 1 | H41: 1 | I41: =IF(C41="不适用","N/A",IF(D41<>"√",0,IF((E41="√")*AND(F41="√"),1,IF((E41<>"√")*AND(F41="√"),0.5*G41,IF((E41="√")*AND(F41<>"√"),0.5*H41,IF((E41<>"√")*AND(F41<>"√"),0.25*G41*H41)))))) | J41: =IF(I41="N/A","不适用",IF(I41=1,"符合",IF(I41=0,"不符合","部分符合"))) | K41: =IF(COUNTIF($I41:$I49,"N/A")=COUNTA($I41:$I49),"N/A",AVERAGE($I41:$I49)) | L41: =IF(K41="N/A","不适用",IF(K41=1,"符合",IF(K41=0,"不符合","部分符合"))) | M41: =(COUNTA($C41:$C49)-COUNTIF($C41:$C49,"不适用")) | N41: =IF(I41="N/A","N/A",整体测评!O$15/M$41) | O41: =IF(I41="N/A","N/A",I41*N41) | P41: =IF(I41="N/A","N/A",N41-O41)
B42: 麒麟V10服务器 | C42: 适用 | D42: × | E42: / | F42: / | G42: 1 | H42: 1 | I42: =IF(C42="不适用","N/A",IF(D42<>"√",0,IF((E42="√")*AND(F42="√"),1,IF((E42<>"√")*AND(F42="√"),0.5*G42,IF((E42="√")*AND(F42<>"√"),0.5*H42,IF((E42<>"√")*AND(F42<>"√"),0.25*G42*H42)))))) | J42: =IF(I42="N/A","不适用",IF(I42=1,"符合",IF(I42=0,"不符合","部分符合"))) | N42: =IF(I42="N/A","N/A",整体测评!O$15/M$41) | O42: =IF(I42="N/A","N/A",I42*N42) | P42: =IF(I42="N/A","N/A",N42-O42)
B43: Linux服务器 | C43: 适用 | D43: × | E43: / | F43: / | G43: 1 | H43: 1 | I43: =IF(C43="不适用","N/A",IF(D43<>"√",0,IF((E43="√")*AND(F43="√"),1,IF((E43<>"√")*AND(F43="√"),0.5*G43,IF((E43="√")*AND(F43<>"√"),0.5*H43,IF((E43<>"√")*AND(F43<>"√"),0.25*G43*H43)))))) | J43: =IF(I43="N/A","不适用",IF(I43=1,"符合",IF(I43=0,"不符合","部分符合"))) | N43: =IF(I43="N/A","N/A",整体测评!O$15/M$41) | O43: =IF(I43="N/A","N/A",I43*N43) | P43: =IF(I43="N/A","N/A",N43-O43)
B44: Oracle数据库 | C44: 适用 | D44: × | E44: / | F44: / | G44: 1 | H44: 1 | I44: =IF(C44="不适用","N/A",IF(D44<>"√",0,IF((E44="√")*AND(F44="√"),1,IF((E44<>"√")*AND(F44="√"),0.5*G44,IF((E44="√")*AND(F44<>"√"),0.5*H44,IF((E44<>"√")*AND(F44<>"√"),0.25*G44*H44)))))) | J44: =IF(I44="N/A","不适用",IF(I44=1,"符合",IF(I44=0,"不符合","部分符合"))) | N44: =IF(I44="N/A","N/A",整体测评!O$15/M$41) | O44: =IF(I44="N/A","N/A",I44*N44) | P44: =IF(I44="N/A","N/A",N44-O44)
B45: 签名验签服务器 | C45: 适用 | D45: √ | E45: √ | F45: √ | G45: 1 | H45: 1 | I45: =IF(C45="不适用","N/A",IF(D45<>"√",0,IF((E45="√")*AND(F45="√"),1,IF((E45<>"√")*AND(F45="√"),0.5*G45,IF((E45="√")*AND(F45<>"√"),0.5*H45,IF((E45<>"√")*AND(F45<>"√"),0.25*G45*H45)))))) | J45: =IF(I45="N/A","不适用",IF(I45=1,"符合",IF(I45=0,"不符合","部分符合"))) | N45: =IF(I45="N/A","N/A",整体测评!O$15/M$41) | O45: =IF(I45="N/A","N/A",I45*N45) | P45: =IF(I45="N/A","N/A",N45-O45)
B46: 服务器密码机 | C46: 适用 | D46: √ | E46: √ | F46: √ | G46: 1 | H46: 1 | I46: =IF(C46="不适用","N/A",IF(D46<>"√",0,IF((E46="√")*AND(F46="√"),1,IF((E46<>"√")*AND(F46="√"),0.5*G46,IF((E46="√")*AND(F46<>"√"),0.5*H46,IF((E46<>"√")*AND(F46<>"√"),0.25*G46*H46)))))) | J46: =IF(I46="N/A","不适用",IF(I46=1,"符合",IF(I46=0,"不符合","部分符合"))) | N46: =IF(I46="N/A","N/A",整体测评!O$15/M$41) | O46: =IF(I46="N/A","N/A",I46*N46) | P46: =IF(I46="N/A","N/A",N46-O46)
B47: TDSQL数据库 | C47: 适用 | D47: × | E47: / | F47: / | G47: 1 | H47: 1 | I47: =IF(C47="不适用","N/A",IF(D47<>"√",0,IF((E47="√")*AND(F47="√"),1,IF((E47<>"√")*AND(F47="√"),0.5*G47,IF((E47="√")*AND(F47<>"√"),0.5*H47,IF((E47<>"√")*AND(F47<>"√"),0.25*G47*H47)))))) | J47: =IF(I47="N/A","不适用",IF(I47=1,"符合",IF(I47=0,"不符合","部分符合"))) | N47: =IF(I47="N/A","N/A",整体测评!O$15/M$41) | O47: =IF(I47="N/A","N/A",I47*N47) | P47: =IF(I47="N/A","N/A",N47-O47)
B48: SOM安全运维管理平台 | C48: 适用 | D48: × | E48: / | F48: / | G48: 1 | H48: 1 | I48: =IF(C48="不适用","N/A",IF(D48<>"√",0,IF((E48="√")*AND(F48="√"),1,IF((E48<>"√")*AND(F48="√"),0.5*G48,IF((E48="√")*AND(F48<>"√"),0.5*H48,IF((E48<>"√")*AND(F48<>"√"),0.25*G48*H48)))))) | J48: =IF(I48="N/A","不适用",IF(I48=1,"符合",IF(I48=0,"不符合","部分符合"))) | N48: =IF(I48="N/A","N/A",整体测评!O$15/M$41) | O48: =IF(I48="N/A","N/A",I48*N48) | P48: =IF(I48="N/A","N/A",N48-O48)
B49: 勿删 | C49: 不适用 | G49: 1 | H49: 1 | I49: =IF(C49="不适用","N/A",IF(D49<>"√",0,IF((E49="√")*AND(F49="√"),1,IF((E49<>"√")*AND(F49="√"),0.5*G49,IF((E49="√")*AND(F49<>"√"),0.5*H49,IF((E49<>"√")*AND(F49<>"√"),0.25*G49*H49)))))) | J49: =IF(I49="N/A","不适用",IF(I49=1,"符合",IF(I49=0,"不符合","部分符合"))) | N49: =IF(I49="N/A","N/A",整体测评!O$15/M$41) | O49: =IF(I49="N/A","N/A",I49*N49) | P49: =IF(I49="N/A","N/A",N49-O49)
A50: 重要可执行程序完整性、重要可执行程序来源真实性 | B50: OBS管理平台 | C50: 适用 | D50: √ | E50: √ | F50: √ | G50: 1 | H50: 1 | I50: =IF(C50="不适用","N/A",IF(D50<>"√",0,IF((E50="√")*AND(F50="√"),1,IF((E50<>"√")*AND(F50="√"),0.5*G50,IF((E50="√")*AND(F50<>"√"),0.5*H50,IF((E50<>"√")*AND(F50<>"√"),0.25*G50*H50)))))) | J50: =IF(I50="N/A","不适用",IF(I50=1,"符合",IF(I50=0,"不符合","部分符合"))) | K50: =IF(COUNTIF($I50:$I58,"N/A")=COUNTA($I50:$I58),"N/A",AVERAGE($I50:$I58)) | L50: =IF(K50="N/A","不适用",IF(K50=1,"符合",IF(K50=0,"不符合","部分符合"))) | M50: =(COUNTA($C50:$C58)-COUNTIF($C50:$C58,"不适用")) | N50: =IF(I50="N/A","N/A",整体测评!O$16/M$50) | O50: =IF(I50="N/A","N/A",I50*N50) | P50: =IF(I50="N/A","N/A",N50-O50)
B51: 麒麟V10服务器 | C51: 适用 | D51: × | E51: / | F51: / | G51: 1 | H51: 1 | I51: =IF(C51="不适用","N/A",IF(D51<>"√",0,IF((E51="√")*AND(F51="√"),1,IF((E51<>"√")*AND(F51="√"),0.5*G51,IF((E51="√")*AND(F51<>"√"),0.5*H51,IF((E51<>"√")*AND(F51<>"√"),0.25*G51*H51)))))) | J51: =IF(I51="N/A","不适用",IF(I51=1,"符合",IF(I51=0,"不符合","部分符合"))) | N51: =IF(I51="N/A","N/A",整体测评!O$16/M$50) | O51: =IF(I51="N/A","N/A",I51*N51) | P51: =IF(I51="N/A","N/A",N51-O51)
B52: Linux服务器 | C52: 适用 | D52: × | E52: / | F52: / | G52: 1 | H52: 1 | I52: =IF(C52="不适用","N/A",IF(D52<>"√",0,IF((E52="√")*AND(F52="√"),1,IF((E52<>"√")*AND(F52="√"),0.5*G52,IF((E52="√")*AND(F52<>"√"),0.5*H52,IF((E52<>"√")*AND(F52<>"√"),0.25*G52*H52)))))) | J52: =IF(I52="N/A","不适用",IF(I52=1,"符合",IF(I52=0,"不符合","部分符合"))) | N52: =IF(I52="N/A","N/A",整体测评!O$16/M$50) | O52: =IF(I52="N/A","N/A",I52*N52) | P52: =IF(I52="N/A","N/A",N52-O52)
B53: Oracle数据库 | C53: 不适用 | D53: / | E53: / | F53: / | G53: 1 | H53: 1 | I53: =IF(C53="不适用","N/A",IF(D53<>"√",0,IF((E53="√")*AND(F53="√"),1,IF((E53<>"√")*AND(F53="√"),0.5*G53,IF((E53="√")*AND(F53<>"√"),0.5*H53,IF((E53<>"√")*AND(F53<>"√"),0.25*G53*H53)))))) | J53: =IF(I53="N/A","不适用",IF(I53=1,"符合",IF(I53=0,"不符合","部分符合"))) | N53: =IF(I53="N/A","N/A",整体测评!O$16/M$50) | O53: =IF(I53="N/A","N/A",I53*N53) | P53: =IF(I53="N/A","N/A",N53-O53)
B54: 签名验签服务器 | C54: 适用 | D54: √ | E54: √ | F54: √ | G54: 1 | H54: 1 | I54: =IF(C54="不适用","N/A",IF(D54<>"√",0,IF((E54="√")*AND(F54="√"),1,IF((E54<>"√")*AND(F54="√"),0.5*G54,IF((E54="√")*AND(F54<>"√"),0.5*H54,IF((E54<>"√")*AND(F54<>"√"),0.25*G54*H54)))))) | J54: =IF(I54="N/A","不适用",IF(I54=1,"符合",IF(I54=0,"不符合","部分符合"))) | N54: =IF(I54="N/A","N/A",整体测评!O$16/M$50) | O54: =IF(I54="N/A","N/A",I54*N54) | P54: =IF(I54="N/A","N/A",N54-O54)
B55: 服务器密码机 | C55: 适用 | D55: √ | E55: √ | F55: √ | G55: 1 | H55: 1 | I55: =IF(C55="不适用","N/A",IF(D55<>"√",0,IF((E55="√")*AND(F55="√"),1,IF((E55<>"√")*AND(F55="√"),0.5*G55,IF((E55="√")*AND(F55<>"√"),0.5*H55,IF((E55<>"√")*AND(F55<>"√"),0.25*G55*H55)))))) | J55: =IF(I55="N/A","不适用",IF(I55=1,"符合",IF(I55=0,"不符合","部分符合"))) | N55: =IF(I55="N/A","N/A",整体测评!O$16/M$50) | O55: =IF(I55="N/A","N/A",I55*N55) | P55: =IF(I55="N/A","N/A",N55-O55)
B56: TDSQL数据库 | C56: 不适用 | D56: / | E56: / | F56: / | G56: 1 | H56: 1 | I56: =IF(C56="不适用","N/A",IF(D56<>"√",0,IF((E56="√")*AND(F56="√"),1,IF((E56<>"√")*AND(F56="√"),0.5*G56,IF((E56="√")*AND(F56<>"√"),0.5*H56,IF((E56<>"√")*AND(F56<>"√"),0.25*G56*H56)))))) | J56: =IF(I56="N/A","不适用",IF(I56=1,"符合",IF(I56=0,"不符合","部分符合"))) | N56: =IF(I56="N/A","N/A",整体测评!O$16/M$50) | O56: =IF(I56="N/A","N/A",I56*N56) | P56: =IF(I56="N/A","N/A",N56-O56)
B57: SOM安全运维管理平台 | C57: 适用 | D57: × | E57: / | F57: / | G57: 1 | H57: 1 | I57: =IF(C57="不适用","N/A",IF(D57<>"√",0,IF((E57="√")*AND(F57="√"),1,IF((E57<>"√")*AND(F57="√"),0.5*G57,IF((E57="√")*AND(F57<>"√"),0.5*H57,IF((E57<>"√")*AND(F57<>"√"),0.25*G57*H57)))))) | J57: =IF(I57="N/A","不适用",IF(I57=1,"符合",IF(I57=0,"不符合","部分符合"))) | N57: =IF(I57="N/A","N/A",整体测评!O$16/M$50) | O57: =IF(I57="N/A","N/A",I57*N57) | P57: =IF(I57="N/A","N/A",N57-O57)
B58: 勿删 | C58: 不适用 | G58: 1 | H58: 1 | I58: =IF(C58="不适用","N/A",IF(D58<>"√",0,IF((E58="√")*AND(F58="√"),1,IF((E58<>"√")*AND(F58="√"),0.5*G58,IF((E58="√")*AND(F58<>"√"),0.5*H58,IF((E58<>"√")*AND(F58<>"√"),0.25*G58*H58)))))) | J58: =IF(I58="N/A","不适用",IF(I58=1,"符合",IF(I58=0,"不符合","部分符合"))) | N58: =IF(I58="N/A","N/A",整体测评!O$16/M$50) | O58: =IF(I58="N/A","N/A",I58*N58) | P58: =IF(I58="N/A","N/A",N58-O58)

Sheet 4应用和数据安全
A1: 应用和数据安全
A3: 测评单元 | B3: 测评对象 | C3: 适用情况 | D3: 涉及情况 | I3: 分值 Si,j,k | J3: 符合情况 | K3: 测评单元得分 S i, j | L3: 单元测评结果 | M3: 有效对象数量 | N3: 所占分值 | O3: 已得分值 | P3: 丢失分值
D4: 密码使用有效性D | E4: 密码算法/技术合规性A | F4: 密钥管理安全K | G4: Ra | H4: Rk
A5: 身份鉴别 | B5: 现金管理系统PC端用户 | C5: 适用 | D5: × | E5: / | F5: / | G5: 1 | H5: 1 | I5: =IF(C5="不适用","N/A",IF(D5<>"√",0,IF((E5="√")*AND(F5="√"),1,IF((E5<>"√")*AND(F5="√"),0.5*G5,IF((E5="√")*AND(F5<>"√"),0.5*H5,IF((E5<>"√")*AND(F5<>"√"),0.25*G5*H5)))))) | J5: =IF(I5="N/A","不适用",IF(I5=1,"符合",IF(I5=0,"不符合","部分符合"))) | K5: =IF(COUNTIF($I5:$I10,"N/A")=COUNTA($I5:$I10),"N/A",AVERAGE($I5:$I10)) | L5: =IF(K5="N/A","不适用",IF(K5=1,"符合",IF(K5=0,"不符合","部分符合"))) | M5: =(COUNTA($C5:$C10)-COUNTIF($C5:$C10,"不适用")) | N5: =IF(I5="N/A","N/A",整体测评!O$17/M$5) | O5: =IF(I5="N/A","N/A",I5*N5) | P5: =IF(I5="N/A","N/A",N5-O5)
B6: 外部数据管理系统用户 | C6: 适用 | D6: × | E6: / | F6: / | G6: 1 | H6: 1 | I6: =IF(C6="不适用","N/A",IF(D6<>"√",0,IF((E6="√")*AND(F6="√"),1,IF((E6<>"√")*AND(F6="√"),0.5*G6,IF((E6="√")*AND(F6<>"√"),0.5*H6,IF((E6<>"√")*AND(F6<>"√"),0.25*G6*H6)))))) | J6: =IF(I6="N/A","不适用",IF(I6=1,"符合",IF(I6=0,"不符合","部分符合"))) | N6: =IF(I6="N/A","N/A",整体测评!O$17/M$5) | O6: =IF(I6="N/A","N/A",I6*N6) | P6: =IF(I6="N/A","N/A",N6-O6)
B7: 穿山甲平台用户 | C7: 适用 | D7: × | E7: / | F7: / | G7: 1 | H7: 1 | I7: =IF(C7="不适用","N/A",IF(D7<>"√",0,IF((E7="√")*AND(F7="√"),1,IF((E7<>"√")*AND(F7="√"),0.5*G7,IF((E7="√")*AND(F7<>"√"),0.5*H7,IF((E7<>"√")*AND(F7<>"√"),0.25*G7*H7)))))) | J7: =IF(I7="N/A","不适用",IF(I7=1,"符合",IF(I7=0,"不符合","部分符合"))) | N7: =IF(I7="N/A","N/A",整体测评!O$17/M$5) | O7: =IF(I7="N/A","N/A",I7*N7) | P7: =IF(I7="N/A","N/A",N7-O7)
B8: 员工渠道系统用户 | C8: 适用 | D8: × | E8: / | F8: / | G8: 1 | H8: 1 | I8: =IF(C8="不适用","N/A",IF(D8<>"√",0,IF((E8="√")*AND(F8="√"),1,IF((E8<>"√")*AND(F8="√"),0.5*G8,IF((E8="√")*AND(F8<>"√"),0.5*H8,IF((E8<>"√")*AND(F8<>"√"),0.25*G8*H8)))))) | J8: =IF(I8="N/A","不适用",IF(I8=1,"符合",IF(I8=0,"不符合","部分符合"))) | N8: =IF(I8="N/A","N/A",整体测评!O$17/M$5) | O8: =IF(I8="N/A","N/A",I8*N8) | P8: =IF(I8="N/A","N/A",N8-O8)
B9: 分行智能管理系统客户端用户 | C9: 适用 | D9: × | E9: / | F9: / | G9: 1 | H9: 1 | I9: =IF(C9="不适用","N/A",IF(D9<>"√",0,IF((E9="√")*AND(F9="√"),1,IF((E9<>"√")*AND(F9="√"),0.5*G9,IF((E9="√")*AND(F9<>"√"),0.5*H9,IF((E9<>"√")*AND(F9<>"√"),0.25*G9*H9)))))) | J9: =IF(I9="N/A","不适用",IF(I9=1,"符合",IF(I9=0,"不符合","部分符合"))) | N9: =IF(I9="N/A","N/A",整体测评!O$17/M$5) | O9: =IF(I9="N/A","N/A",I9*N9) | P9: =IF(I9="N/A","N/A",N9-O9)
B10: 勿删 | C10: 不适用 | D10: × | G10: 1 | H10: 1 | I10: =IF(C10="不适用","N/A",IF(D10<>"√",0,IF((E10="√")*AND(F10="√"),1,IF((E10<>"√")*AND(F10="√"),0.5*G10,IF((E10="√")*AND(F10<>"√"),0.5*H10,IF((E10<>"√")*AND(F10<>"√"),0.25*G10*H10)))))) | J10: =IF(I10="N/A","不适用",IF(I10=1,"符合",IF(I10=0,"不符合","部分符合"))) | N10: =IF(I10="N/A","N/A",整体测评!O$17/M$5) | O10: =IF(I10="N/A","N/A",I10*N10) | P10: =IF(I10="N/A","N/A",N10-O10)
A11: 访问控制信息完整性 | B11: 中国建设银行宁夏区分行特色系统 | C11: 适用 | D11: × | E11: / | F11: / | G11: 1 | H11: 1 | I11: =IF(C11="不适用","N/A",IF(D11<>"√",0,IF((E11="√")*AND(F11="√"),1,IF((E11<>"√")*AND(F11="√"),0.5*G11,IF((E11="√")*AND(F11<>"√"),0.5*H11,IF((E11<>"√")*AND(F11<>"√"),0.25*G11*H11)))))) | J11: =IF(I11="N/A","不适用",IF(I11=1,"符合",IF(I11=0,"不符合","部分符合"))) | K11: =IF(COUNTIF($I11:$I12,"N/A")=COUNTA($I11:$I12),"N/A",AVERAGE($I11:$I12)) | L11: =IF(K11="N/A","不适用",IF(K11=1,"符合",IF(K11=0,"不符合","部分符合"))) | M11: =(COUNTA($C11:$C12)-COUNTIF($C11:$C12,"不适用")) | N11: =IF(I11="N/A","N/A",整体测评!O$18/M$11) | O11: =IF(I11="N/A","N/A",I11*N11) | P11: =IF(I11="N/A","N/A",N11-O11)
B12: 勿删 | C12: 不适用 | D12: √ | E12: √ | F12: √ | G12: 1 | H12: 1 | I12: =IF(C12="不适用","N/A",IF(D12<>"√",0,IF((E12="√")*AND(F12="√"),1,IF((E12<>"√")*AND(F12="√"),0.5*G12,IF((E12="√")*AND(F12<>"√"),0.5*H12,IF((E12<>"√")*AND(F12<>"√"),0.25*G12*H12)))))) | J12: =IF(I12="N/A","不适用",IF(I12=1,"符合",IF(I12=0,"不符合","部分符合"))) | N12: =IF(I12="N/A","N/A",整体测评!O$18/M$11) | O12: =IF(I12="N/A","N/A",I12*N12) | P12: =IF(I12="N/A","N/A",N12-O12)
A13: 重要信息资源安全标记完整性 | B13: 中国建设银行宁夏区分行特色系统 | C13: 不适用 | D13: / | E13: / | F13: / | G13: 1 | H13: 1 | I13: =IF(C13="不适用","N/A",IF(D13<>"√",0,IF((E13="√")*AND(F13="√"),1,IF((E13<>"√")*AND(F13="√"),0.5*G13,IF((E13="√")*AND(F13<>"√"),0.5*H13,IF((E13<>"√")*AND(F13<>"√"),0.25*G13*H13)))))) | J13: =IF(I13="N/A","不适用",IF(I13=1,"符合",IF(I13=0,"不符合","部分符合"))) | K13: =IF(COUNTIF($I13:$I14,"N/A")=COUNTA($I13:$I14),"N/A",AVERAGE($I13:$I14)) | L13: =IF(K13="N/A","不适用",IF(K13=1,"符合",IF(K13=0,"不符合","部分符合"))) | M13: =(COUNTA($C13:$C14)-COUNTIF($C13:$C14,"不适用")) | N13: =IF(I13="N/A","N/A",整体测评!O$19/M$13) | O13: =IF(I13="N/A","N/A",I13*N13) | P13: =IF(I13="N/A","N/A",N13-O13)
B14: 勿删 | C14: 不适用 | G14: 1 | H14: 1 | I14: =IF(C14="不适用","N/A",IF(D14<>"√",0,IF((E14="√")*AND(F14="√"),1,IF((E14<>"√")*AND(F14="√"),0.5*G14,IF((E14="√")*AND(F14<>"√"),0.5*H14,IF((E14<>"√")*AND(F14<>"√"),0.25*G14*H14)))))) | J14: =IF(I14="N/A","不适用",IF(I14=1,"符合",IF(I14=0,"不符合","部分符合"))) | N14: =IF(I14="N/A","N/A",整体测评!O$19/M$13) | O14: =IF(I14="N/A","N/A",I14*N14) | P14: =IF(I14="N/A","N/A",N14-O14)
A15: 重要数据传输机密性 | B15: 外部数据管理系统鉴别数据 | C15: 适用 | D15: × | E15: / | F15: / | G15: 1 | H15: 1 | I15: =IF(C15="不适用","N/A",IF(D15<>"√",0,IF((E15="√")*AND(F15="√"),1,IF((E15<>"√")*AND(F15="√"),0.5*G15,IF((E15="√")*AND(F15<>"√"),0.5*H15,IF((E15<>"√")*AND(F15<>"√"),0.25*G15*H15)))))) | J15: =IF(I15="N/A","不适用",IF(I15=1,"符合",IF(I15=0,"不符合","部分符合"))) | K15: =IF(COUNTIF($I15:$I43,"N/A")=COUNTA($I15:$I43),"N/A",AVERAGE($I15:$I43)) | L15: =IF(K15="N/A","不适用",IF(K15=1,"符合",IF(K15=0,"不符合","部分符合"))) | M15: =(COUNTA($C15:$C43)-COUNTIF($C15:$C43,"不适用")) | N15: =IF(I15="N/A","N/A",整体测评!O$20/M$15) | O15: =IF(I15="N/A","N/A",I15*N15) | P15: =IF(I15="N/A","N/A",N15-O15)
B16: 外部数据管理系统业务数据 | C16: 适用 | D16: √ | E16: √ | F16: × | G16: 1 | H16: 1 | I16: =IF(C16="不适用","N/A",IF(D16<>"√",0,IF((E16="√")*AND(F16="√"),1,IF((E16<>"√")*AND(F16="√"),0.5*G16,IF((E16="√")*AND(F16<>"√"),0.5*H16,IF((E16<>"√")*AND(F16<>"√"),0.25*G16*H16)))))) | J16: =IF(I16="N/A","不适用",IF(I16=1,"符合",IF(I16=0,"不符合","部分符合"))) | N16: =IF(I16="N/A","N/A",整体测评!O$20/M$15) | O16: =IF(I16="N/A","N/A",I16*N16) | P16: =IF(I16="N/A","N/A",N16-O16)
B17: 智慧社保系统业务数据 | C17: 适用 | D17: √ | E17: √ | F17: √ | G17: 1 | H17: 1 | I17: =IF(C17="不适用","N/A",IF(D17<>"√",0,IF((E17="√")*AND(F17="√"),1,IF((E17<>"√")*AND(F17="√"),0.5*G17,IF((E17="√")*AND(F17<>"√"),0.5*H17,IF((E17<>"√")*AND(F17<>"√"),0.25*G17*H17)))))) | J17: =IF(I17="N/A","不适用",IF(I17=1,"符合",IF(I17=0,"不符合","部分符合"))) | N17: =IF(I17="N/A","N/A",整体测评!O$20/M$15) | O17: =IF(I17="N/A","N/A",I17*N17) | P17: =IF(I17="N/A","N/A",N17-O17)
B18: 个贷普惠系统业务数据 | C18: 适用 | D18: √ | E18: × | F18: × | G18: 1 | H18: 1 | I18: =IF(C18="不适用","N/A",IF(D18<>"√",0,IF((E18="√")*AND(F18="√"),1,IF((E18<>"√")*AND(F18="√"),0.5*G18,IF((E18="√")*AND(F18<>"√"),0.5*H18,IF((E18<>"√")*AND(F18<>"√"),0.25*G18*H18)))))) | J18: =IF(I18="N/A","不适用",IF(I18=1,"符合",IF(I18=0,"不符合","部分符合"))) | N18: =IF(I18="N/A","N/A",整体测评!O$20/M$15) | O18: =IF(I18="N/A","N/A",I18*N18) | P18: =IF(I18="N/A","N/A",N18-O18)
B19: 代理财政集中收付系统业务数据 | C19: 适用 | D19: × | E19: / | F19: / | G19: 1 | H19: 1 | I19: =IF(C19="不适用","N/A",IF(D19<>"√",0,IF((E19="√")*AND(F19="√"),1,IF((E19<>"√")*AND(F19="√"),0.5*G19,IF((E19="√")*AND(F19<>"√"),0.5*H19,IF((E19<>"√")*AND(F19<>"√"),0.25*G19*H19)))))) | J19: =IF(I19="N/A","不适用",IF(I19=1,"符合",IF(I19=0,"不符合","部分符合"))) | N19: =IF(I19="N/A","N/A",整体测评!O$20/M$15) | O19: =IF(I19="N/A","N/A",I19*N19) | P19: =IF(I19="N/A","N/A",N19-O19)
B20: 智慧缴费系统-吴忠热-业务数据 | C20: 适用 | D20: × | E20: / | F20: / | G20: 1 | H20: 1 | I20: =IF(C20="不适用","N/A",IF(D20<>"√",0,IF((E20="√")*AND(F20="√"),1,IF((E20<>"√")*AND(F20="√"),0.5*G20,IF((E20="√")*AND(F20<>"√"),0.5*H20,IF((E20<>"√")*AND(F20<>"√"),0.25*G20*H20)))))) | J20: =IF(I20="N/A","不适用",IF(I20=1,"符合",IF(I20=0,"不符合","部分符合"))) | N20: =IF(I20="N/A","N/A",整体测评!O$20/M$15) | O20: =IF(I20="N/A","N/A",I20*N20) | P20: =IF(I20="N/A","N/A",N20-O20)
B21: 智慧缴费系统-吴忠水发-业务数据 | C21: 适用 | D21: √ | E21: × | F21: × | G21: 1 | H21: 1 | I21: =IF(C21="不适用","N/A",IF(D21<>"√",0,IF((E21="√")*AND(F21="√"),1,IF((E21<>"√")*AND(F21="√"),0.5*G21,IF((E21="√")*AND(F21<>"√"),0.5*H21,IF((E21<>"√")*AND(F21<>"√"),0.25*G21*H21)))))) | J21: =IF(I21="N/A","不适用",IF(I21=1,"符合",IF(I21=0,"不符合","部分符合"))) | N21: =IF(I21="N/A","N/A",整体测评!O$20/M$15) | O21: =IF(I21="N/A","N/A",I21*N21) | P21: =IF(I21="N/A","N/A",N21-O21)
B22: 智慧缴费系统-高速-业务数据 | C22: 适用 | D22: √ | E22: √ | F22: × | G22: 1 | H22: 1 | I22: =IF(C22="不适用","N/A",IF(D22<>"√",0,IF((E22="√")*AND(F22="√"),1,IF((E22<>"√")*AND(F22="√"),0.5*G22,IF((E22="√")*AND(F22<>"√"),0.5*H22,IF((E22<>"√")*AND(F22<>"√"),0.25*G22*H22)))))) | J22: =IF(I22="N/A","不适用",IF(I22=1,"符合",IF(I22=0,"不符合","部分符合"))) | N22: =IF(I22="N/A","N/A",整体测评!O$20/M$15) | O22: =IF(I22="N/A","N/A",I22*N22) | P22: =IF(I22="N/A","N/A",N22-O22)
B23: 现金管理系统-国电-业务数据 | C23: 适用 | D23: √ | E23: √ | F23: × | G23: 1 | H23: 1 | I23: =IF(C23="不适用","N/A",IF(D23<>"√",0,IF((E23="√")*AND(F23="√"),1,IF((E23<>"√")*AND(F23="√"),0.5*G23,IF((E23="√")*AND(F23<>"√"),0.5*H23,IF((E23<>"√")*AND(F23<>"√"),0.25*G23*H23)))))) | J23: =IF(I23="N/A","不适用",IF(I23=1,"符合",IF(I23=0,"不符合","部分符合"))) | N23: =IF(I23="N/A","N/A",整体测评!O$20/M$15) | O23: =IF(I23="N/A","N/A",I23*N23) | P23: =IF(I23="N/A","N/A",N23-O23)
B24: 现金管理系统-监狱管理局-业务数据 | C24: 适用 | D24: × | E24: / | F24: / | G24: 1 | H24: 1 | I24: =IF(C24="不适用","N/A",IF(D24<>"√",0,IF((E24="√")*AND(F24="√"),1,IF((E24<>"√")*AND(F24="√"),0.5*G24,IF((E24="√")*AND(F24<>"√"),0.5*H24,IF((E24<>"√")*AND(F24<>"√"),0.25*G24*H24)))))) | J24: =IF(I24="N/A","不适用",IF(I24=1,"符合",IF(I24=0,"不符合","部分符合"))) | N24: =IF(I24="N/A","N/A",整体测评!O$20/M$15) | O24: =IF(I24="N/A","N/A",I24*N24) | P24: =IF(I24="N/A","N/A",N24-O24)
B25: 现金管理系统-烟草-业务数据 | C25: 适用 | D25: × | E25: / | F25: / | G25: 1 | H25: 1 | I25: =IF(C25="不适用","N/A",IF(D25<>"√",0,IF((E25="√")*AND(F25="√"),1,IF((E25<>"√")*AND(F25="√"),0.5*G25,IF((E25="√")*AND(F25<>"√"),0.5*H25,IF((E25<>"√")*AND(F25<>"√"),0.25*G25*H25)))))) | J25: =IF(I25="N/A","不适用",IF(I25=1,"符合",IF(I25=0,"不符合","部分符合"))) | N25: =IF(I25="N/A","N/A",整体测评!O$20/M$15) | O25: =IF(I25="N/A","N/A",I25*N25) | P25: =IF(I25="N/A","N/A",N25-O25)
B26: 现金管理系统-预售房-业务数据 | C26: 适用 | D26: √ | E26: √ | F26: × | G26: 1 | H26: 1 | I26: =IF(C26="不适用","N/A",IF(D26<>"√",0,IF((E26="√")*AND(F26="√"),1,IF((E26<>"√")*AND(F26="√"),0.5*G26,IF((E26="√")*AND(F26<>"√"),0.5*H26,IF((E26<>"√")*AND(F26<>"√"),0.25*G26*H26)))))) | J26: =IF(I26="N/A","不适用",IF(I26=1,"符合",IF(I26=0,"不符合","部分符合"))) | N26: =IF(I26="N/A","N/A",整体测评!O$20/M$15) | O26: =IF(I26="N/A","N/A",I26*N26) | P26: =IF(I26="N/A","N/A",N26-O26)
B27: 新一代电子不停车收费系统业务数据 | C27: 适用 | D27: × | E27: / | F27: / | G27: 1 | H27: 1 | I27: =IF(C27="不适用","N/A",IF(D27<>"√",0,IF((E27="√")*AND(F27="√"),1,IF((E27<>"√")*AND(F27="√"),0.5*G27,IF((E27="√")*AND(F27<>"√"),0.5*H27,IF((E27<>"√")*AND(F27<>"√"),0.25*G27*H27)))))) | J27: =IF(I27="N/A","不适用",IF(I27=1,"符合",IF(I27=0,"不符合","部分符合"))) | N27: =IF(I27="N/A","N/A",整体测评!O$20/M$15) | O27: =IF(I27="N/A","N/A",I27*N27) | P27: =IF(I27="N/A","N/A",N27-O27)
... B43: 勿删 | C43: 不适用 | D43: √ | E43: √ | F43: √ | G43: 1 | H43: 1 | I43: =IF(C43="不适用","N/A",IF(D43<>"√",0,IF((E43="√")*AND(F43="√"),1,IF((E43<>"√")*AND(F43="√"),0.5*G43,IF((E43="√")*AND(F43<>"√"),0.5*H43,IF((E43<>"√")*AND(F43<>"√"),0.25*G43*H43)))))) | J43: =IF(I43="N/A","不适用",IF(I43=1,"符合",IF(I43=0,"不符合","部分符合"))) | N43: =IF(I43="N/A","N/A",整体测评!O$20/M$15) | O43: =IF(I43="N/A","N/A",I43*N43) | P43: =IF(I43="N/A","N/A",N43-O43)
A44: 重要数据存储机密性 | B44: 外部数据管理系统鉴别数据 | C44: 适用 | D44: × | E44: / | F44: / | G44: 1 | H44: 1 | I44: =IF(C44="不适用","N/A",IF(D44<>"√",0,IF((E44="√")*AND(F44="√"),1,IF((E44<>"√")*AND(F44="√"),0.5*G44,IF((E44="√")*AND(F44<>"√"),0.5*H44,IF((E44<>"√")*AND(F44<>"√"),0.25*G44*H44)))))) | J44: =IF(I44="N/A","不适用",IF(I44=1,"符合",IF(I44=0,"不符合","部分符合"))) | K44: =IF(COUNTIF($I44:$I61,"N/A")=COUNTA($I44:$I61),"N/A",AVERAGE($I44:$I61)) | L44: =IF(K44="N/A","不适用",IF(K44=1,"符合",IF(K44=0,"不符合","部分符合"))) | M44: =(COUNTA($C44:$C61)-COUNTIF($C44:$C61,"不适用")) | N44: =IF(I44="N/A","N/A",整体测评!O$21/M$44) | O44: =IF(I44="N/A","N/A",I44*N44) | P44: =IF(I44="N/A","N/A",N44-O44)
B45: 外部数据管理系统业务数据 | C45: 适用 | D45: × | E45: / | F45: / | G45: 1 | H45: 1 | I45: =IF(C45="不适用","N/A",IF(D45<>"√",0,IF((E45="√")*AND(F45="√"),1,IF((E45<>"√")*AND(F45="√"),0.5*G45,IF((E45="√")*AND(F45<>"√"),0.5*H45,IF((E45<>"√")*AND(F45<>"√"),0.25*G45*H45)))))) | J45: =IF(I45="N/A","不适用",IF(I45=1,"符合",IF(I45=0,"不符合","部分符合"))) | N45: =IF(I45="N/A","N/A",整体测评!O$21/M$44) | O45: =IF(I45="N/A","N/A",I45*N45) | P45: =IF(I45="N/A","N/A",N45-O45)
B46: 智慧社保系统业务数据 | C46: 适用 | D46: × | E46: / | F46: / | G46: 1 | H46: 1 | I46: =IF(C46="不适用","N/A",IF(D46<>"√",0,IF((E46="√")*AND(F46="√"),1,IF((E46<>"√")*AND(F46="√"),0.5*G46,IF((E46="√")*AND(F46<>"√"),0.5*H46,IF((E46<>"√")*AND(F46<>"√"),0.25*G46*H46)))))) | J46: =IF(I46="N/A","不适用",IF(I46=1,"符合",IF(I46=0,"不符合","部分符合"))) | N46: =IF(I46="N/A","N/A",整体测评!O$21/M$44) | O46: =IF(I46="N/A","N/A",I46*N46) | P46: =IF(I46="N/A","N/A",N46-O46)
B47: 个贷普惠系统业务数据 | C47: 适用 | D47: × | E47: / | F47: / | G47: 1 | H47: 1 | I47: =IF(C47="不适用","N/A",IF(D47<>"√",0,IF((E47="√")*AND(F47="√"),1,IF((E47<>"√")*AND(F47="√"),0.5*G47,IF((E47="√")*AND(F47<>"√"),0.5*H47,IF((E47<>"√")*AND(F47<>"√"),0.25*G47*H47)))))) | J47: =IF(I47="N/A","不适用",IF(I47=1,"符合",IF(I47=0,"不符合","部分符合"))) | N47: =IF(I47="N/A","N/A",整体测评!O$21/M$44) | O47: =IF(I47="N/A","N/A",I47*N47) | P47: =IF(I47="N/A","N/A",N47-O47)
B48: 代理财政集中收付系统业务数据 | C48: 适用 | D48: × | E48: / | F48: / | G48: 1 | H48: 1 | I48: =IF(C48="不适用","N/A",IF(D48<>"√",0,IF((E48="√")*AND(F48="√"),1,IF((E48<>"√")*AND(F48="√"),0.5*G48,IF((E48="√")*AND(F48<>"√"),0.5*H48,IF((E48<>"√")*AND(F48<>"√"),0.25*G48*H48)))))) | J48: =IF(I48="N/A","不适用",IF(I48=1,"符合",IF(I48=0,"不符合","部分符合"))) | N48: =IF(I48="N/A","N/A",整体测评!O$21/M$44) | O48: =IF(I48="N/A","N/A",I48*N48) | P48: =IF(I48="N/A","N/A",N48-O48)
B49: 智慧缴费系统-吴忠热-业务数据 | C49: 适用 | D49: × | E49: / | F49: / | G49: 1 | H49: 1 | I49: =IF(C49="不适用","N/A",IF(D49<>"√",0,IF((E49="√")*AND(F49="√"),1,IF((E49<>"√")*AND(F49="√"),0.5*G49,IF((E49="√")*AND(F49<>"√"),0.5*H49,IF((E49<>"√")*AND(F49<>"√"),0.25*G49*H49)))))) | J49: =IF(I49="N/A","不适用",IF(I49=1,"符合",IF(I49=0,"不符合","部分符合"))) | N49: =IF(I49="N/A","N/A",整体测评!O$21/M$44) | O49: =IF(I49="N/A","N/A",I49*N49) | P49: =IF(I49="N/A","N/A",N49-O49)
B50: 智慧缴费系统-吴忠水发-业务数据 | C50: 适用 | D50: × | E50: / | F50: / | G50: 1 | H50: 1 | I50: =IF(C50="不适用","N/A",IF(D50<>"√",0,IF((E50="√")*AND(F50="√"),1,IF((E50<>"√")*AND(F50="√"),0.5*G50,IF((E50="√")*AND(F50<>"√"),0.5*H50,IF((E50<>"√")*AND(F50<>"√"),0.25*G50*H50)))))) | J50: =IF(I50="N/A","不适用",IF(I50=1,"符合",IF(I50=0,"不符合","部分符合"))) | N50: =IF(I50="N/A","N/A",整体测评!O$21/M$44) | O50: =IF(I50="N/A","N/A",I50*N50) | P50: =IF(I50="N/A","N/A",N50-O50)
B51: 智慧缴费系统-高速-业务数据 | C51: 适用 | D51: × | E51: / | F51: / | G51: 1 | H51: 1 | I51: =IF(C51="不适用","N/A",IF(D51<>"√",0,IF((E51="√")*AND(F51="√"),1,IF((E51<>"√")*AND(F51="√"),0.5*G51,IF((E51="√")*AND(F51<>"√"),0.5*H51,IF((E51<>"√")*AND(F51<>"√"),0.25*G51*H51)))))) | J51: =IF(I51="N/A","不适用",IF(I51=1,"符合",IF(I51=0,"不符合","部分符合"))) | N51: =IF(I51="N/A","N/A",整体测评!O$21/M$44) | O51: =IF(I51="N/A","N/A",I51*N51) | P51: =IF(I51="N/A","N/A",N51-O51)
B52: 现金管理系统-国电-业务数据 | C52: 适用 | D52: × | E52: / | F52: / | G52: 1 | H52: 1 | I52: =IF(C52="不适用","N/A",IF(D52<>"√",0,IF((E52="√")*AND(F52="√"),1,IF((E52<>"√")*AND(F52="√"),0.5*G52,IF((E52="√")*AND(F52<>"√"),0.5*H52,IF((E52<>"√")*AND(F52<>"√"),0.25*G52*H52)))))) | J52: =IF(I52="N/A","不适用",IF(I52=1,"符合",IF(I52=0,"不符合","部分符合"))) | N52: =IF(I52="N/A","N/A",整体测评!O$21/M$44) | O52: =IF(I52="N/A","N/A",I52*N52) | P52: =IF(I52="N/A","N/A",N52-O52)
B53: 现金管理系统-监狱管理局-业务数据 | C53: 适用 | D53: × | E53: / | F53: / | G53: 1 | H53: 1 | I53: =IF(C53="不适用","N/A",IF(D53<>"√",0,IF((E53="√")*AND(F53="√"),1,IF((E53<>"√")*AND(F53="√"),0.5*G53,IF((E53="√")*AND(F53<>"√"),0.5*H53,IF((E53<>"√")*AND(F53<>"√"),0.25*G53*H53)))))) | J53: =IF(I53="N/A","不适用",IF(I53=1,"符合",IF(I53=0,"不符合","部分符合"))) | N53: =IF(I53="N/A","N/A",整体测评!O$21/M$44) | O53: =IF(I53="N/A","N/A",I53*N53) | P53: =IF(I53="N/A","N/A",N53-O53)
B54: 现金管理系统-烟草-业务数据 | C54: 适用 | D54: × | E54: / | F54: / | G54: 1 | H54: 1 | I54: =IF(C54="不适用","N/A",IF(D54<>"√",0,IF((E54="√")*AND(F54="√"),1,IF((E54<>"√")*AND(F54="√"),0.5*G54,IF((E54="√")*AND(F54<>"√"),0.5*H54,IF((E54<>"√")*AND(F54<>"√"),0.25*G54*H54)))))) | J54: =IF(I54="N/A","不适用",IF(I54=1,"符合",IF(I54=0,"不符合","部分符合"))) | N54: =IF(I54="N/A","N/A",整体测评!O$21/M$44) | O54: =IF(I54="N/A","N/A",I54*N54) | P54: =IF(I54="N/A","N/A",N54-O54)
B55: 现金管理系统-预售房-业务数据 | C55: 适用 | D55: × | E55: / | F55: / | G55: 1 | H55: 1 | I55: =IF(C55="不适用","N/A",IF(D55<>"√",0,IF((E55="√")*AND(F55="√"),1,IF((E55<>"√")*AND(F55="√"),0.5*G55,IF((E55="√")*AND(F55<>"√"),0.5*H55,IF((E55<>"√")*AND(F55<>"√"),0.25*G55*H55)))))) | J55: =IF(I55="N/A","不适用",IF(I55=1,"符合",IF(I55=0,"不符合","部分符合"))) | N55: =IF(I55="N/A","N/A",整体测评!O$21/M$44) | O55: =IF(I55="N/A","N/A",I55*N55) | P55: =IF(I55="N/A","N/A",N55-O55)
B56: 新一代电子不停车收费系统业务数据 | C56: 适用 | D56: × | E56: / | F56: / | G56: 1 | H56: 1 | I56: =IF(C56="不适用","N/A",IF(D56<>"√",0,IF((E56="√")*AND(F56="√"),1,IF((E56<>"√")*AND(F56="√"),0.5*G56,IF((E56="√")*AND(F56<>"√"),0.5*H56,IF((E56<>"√")*AND(F56<>"√"),0.25*G56*H56)))))) | J56: =IF(I56="N/A","不适用",IF(I56=1,"符合",IF(I56=0,"不符合","部分符合"))) | N56: =IF(I56="N/A","N/A",整体测评!O$21/M$44) | O56: =IF(I56="N/A","N/A",I56*N56) | P56: =IF(I56="N/A","N/A",N56-O56)
... B60: 智慧缴费系统-新南燃气-业务数据 | C60: 适用 | D60: × | E60: / | F60: / | G60: 1 | H60: 1 | I60: =IF(C60="不适用","N/A",IF(D60<>"√",0,IF((E60="√")*AND(F60="√"),1,IF((E60<>"√")*AND(F60="√"),0.5*G60,IF((E60="√")*AND(F60<>"√"),0.5*H60,IF((E60<>"√")*AND(F60<>"√"),0.25*G60*H60)))))) | J60: =IF(I60="N/A","不适用",IF(I60=1,"符合",IF(I60=0,"不符合","部分符合"))) | N60: =IF(I60="N/A","N/A",整体测评!O$21/M$44) | O60: =IF(I60="N/A","N/A",I60*N60) | P60: =IF(I60="N/A","N/A",N60-O60)
B61: 勿删 | C61: 不适用 | G61: 1 | H61: 1 | I61: =IF(C61="不适用","N/A",IF(D61<>"√",0,IF((E61="√")*AND(F61="√"),1,IF((E61<>"√")*AND(F61="√"),0.5*G61,IF((E61="√")*AND(F61<>"√"),0.5*H61,IF((E61<>"√")*AND(F61<>"√"),0.25*G61*H61)))))) | J61: =IF(I61="N/A","不适用",IF(I61=1,"符合",IF(I61=0,"不符合","部分符合"))) | N61: =IF(I61="N/A","N/A",整体测评!O$21/M$44) | O61: =IF(I61="N/A","N/A",I61*N61) | P61: =IF(I61="N/A","N/A",N61-O61)
A62: 重要数据传输完整性 | B62: 外部数据管理系统鉴别数据 | C62: 适用 | D62: × | E62: / | F62: / | G62: 1 | H62: 1 | I62: =IF(C62="不适用","N/A",IF(D62<>"√",0,IF((E62="√")*AND(F62="√"),1,IF((E62<>"√")*AND(F62="√"),0.5*G62,IF((E62="√")*AND(F62<>"√"),0.5*H62,IF((E62<>"√")*AND(F62<>"√"),0.25*G62*H62)))))) | J62: =IF(I62="N/A","不适用",IF(I62=1,"符合",IF(I62=0,"不符合","部分符合"))) | K62: =IF(COUNTIF($I62:$I90,"N/A")=COUNTA($I62:$I90),"N/A",AVERAGE($I62:$I90)) | L62: =IF(K62="N/A","不适用",IF(K62=1,"符合",IF(K62=0,"不符合","部分符合"))) | M62: =(COUNTA($C62:$C90)-COUNTIF($C62:$C90,"不适用")) | N62: =IF(I62="N/A","N/A",整体测评!O$22/M$62) | O62: =IF(I62="N/A","N/A",I62*N62) | P62: =IF(I62="N/A","N/A",N62-O62)
B63: 外部数据管理系统业务数据 | C63: 适用 | D63: × | E63: / | F63: / | G63: 1 | H63: 1 | I63: =IF(C63="不适用","N/A",IF(D63<>"√",0,IF((E63="√")*AND(F63="√"),1,IF((E63<>"√")*AND(F63="√"),0.5*G63,IF((E63="√")*AND(F63<>"√"),0.5*H63,IF((E63<>"√")*AND(F63<>"√"),0.25*G63*H63)))))) | J63: =IF(I63="N/A","不适用",IF(I63=1,"符合",IF(I63=0,"不符合","部分符合"))) | N63: =IF(I63="N/A","N/A",整体测评!O$22/M$62) | O63: =IF(I63="N/A","N/A",I63*N63) | P63: =IF(I63="N/A","N/A",N63-O63)
B64: 智慧社保系统业务数据 | C64: 适用 | D64: √ | E64: √ | F64: √ | G64: 1 | H64: 1 | I64: =IF(C64="不适用","N/A",IF(D64<>"√",0,IF((E64="√")*AND(F64="√"),1,IF((E64<>"√")*AND(F64="√"),0.5*G64,IF((E64="√")*AND(F64<>"√"),0.5*H64,IF((E64<>"√")*AND(F64<>"√"),0.25*G64*H64)))))) | J64: =IF(I64="N/A","不适用",IF(I64=1,"符合",IF(I64=0,"不符合","部分符合"))) | N64: =IF(I64="N/A","N/A",整体测评!O$22/M$62) | O64: =IF(I64="N/A","N/A",I64*N64) | P64: =IF(I64="N/A","N/A",N64-O64)
B65: 个贷普惠系统业务数据 | C65: 适用 | D65: √ | E65: × | F65: × | G65: 1 | H65: 1 | I65: =IF(C65="不适用","N/A",IF(D65<>"√",0,IF((E65="√")*AND(F65="√"),1,IF((E65<>"√")*AND(F65="√"),0.5*G65,IF((E65="√")*AND(F65<>"√"),0.5*H65,IF((E65<>"√")*AND(F65<>"√"),0.25*G65*H65)))))) | J65: =IF(I65="N/A","不适用",IF(I65=1,"符合",IF(I65=0,"不符合","部分符合"))) | N65: =IF(I65="N/A","N/A",整体测评!O$22/M$62) | O65: =IF(I65="N/A","N/A",I65*N65) | P65: =IF(I65="N/A","N/A",N65-O65)
B66: 代理财政集中收付系统业务数据 | C66: 适用 | D66: × | E66: / | F66: / | G66: 1 | H66: 1 | I66: =IF(C66="不适用","N/A",IF(D66<>"√",0,IF((E66="√")*AND(F66="√"),1,IF((E66<>"√")*AND(F66="√"),0.5*G66,IF((E66="√")*AND(F66<>"√"),0.5*H66,IF((E66<>"√")*AND(F66<>"√"),0.25*G66*H66)))))) | J66: =IF(I66="N/A","不适用",IF(I66=1,"符合",IF(I66=0,"不符合","部分符合"))) | N66: =IF(I66="N/A","N/A",整体测评!O$22/M$62) | O66: =IF(I66="N/A","N/A",I66*N66) | P66: =IF(I66="N/A","N/A",N66-O66)
B67: 智慧缴费系统-吴忠热-业务数据 | C67: 适用 | D67: × | E67: / | F67: / | G67: 1 | H67: 1 | I67: =IF(C67="不适用","N/A",IF(D67<>"√",0,IF((E67="√")*AND(F67="√"),1,IF((E67<>"√")*AND(F67="√"),0.5*G67,IF((E67="√")*AND(F67<>"√"),0.5*H67,IF((E67<>"√")*AND(F67<>"√"),0.25*G67*H67)))))) | J67: =IF(I67="N/A","不适用",IF(I67=1,"符合",IF(I67=0,"不符合","部分符合"))) | N67: =IF(I67="N/A","N/A",整体测评!O$22/M$62) | O67: =IF(I67="N/A","N/A",I67*N67) | P67: =IF(I67="N/A","N/A",N67-O67)
B68: 智慧缴费系统-吴忠水发-业务数据 | C68: 适用 | D68: × | E68: / | F68: / | G68: 1 | H68: 1 | I68: =IF(C68="不适用","N/A",IF(D68<>"√",0,IF((E68="√")*AND(F68="√"),1,IF((E68<>"√")*AND(F68="√"),0.5*G68,IF((E68="√")*AND(F68<>"√"),0.5*H68,IF((E68<>"√")*AND(F68<>"√"),0.25*G68*H68)))))) | J68: =IF(I68="N/A","不适用",IF(I68=1,"符合",IF(I68=0,"不符合","部分符合"))) | N68: =IF(I68="N/A","N/A",整体测评!O$22/M$62) | O68: =IF(I68="N/A","N/A",I68*N68) | P68: =IF(I68="N/A","N/A",N68-O68)
B69: 智慧缴费系统-高速-业务数据 | C69: 适用 | D69: × | E69: / | F69: / | G69: 1 | H69: 1 | I69: =IF(C69="不适用","N/A",IF(D69<>"√",0,IF((E69="√")*AND(F69="√"),1,IF((E69<>"√")*AND(F69="√"),0.5*G69,IF((E69="√")*AND(F69<>"√"),0.5*H69,IF((E69<>"√")*AND(F69<>"√"),0.25*G69*H69)))))) | J69: =IF(I69="N/A","不适用",IF(I69=1,"符合",IF(I69=0,"不符合","部分符合"))) | N69: =IF(I69="N/A","N/A",整体测评!O$22/M$62) | O69: =IF(I69="N/A","N/A",I69*N69) | P69: =IF(I69="N/A","N/A",N69-O69)
B70: 现金管理系统-国电-业务数据 | C70: 适用 | D70: × | E70: / | F70: / | G70: 1 | H70: 1 | I70: =IF(C70="不适用","N/A",IF(D70<>"√",0,IF((E70="√")*AND(F70="√"),1,IF((E70<>"√")*AND(F70="√"),0.5*G70,IF((E70="√")*AND(F70<>"√"),0.5*H70,IF((E70<>"√")*AND(F70<>"√"),0.25*G70*H70)))))) | J70: =IF(I70="N/A","不适用",IF(I70=1,"符合",IF(I70=0,"不符合","部分符合"))) | N70: =IF(I70="N/A","N/A",整体测评!O$22/M$62) | O70: =IF(I70="N/A","N/A",I70*N70) | P70: =IF(I70="N/A","N/A",N70-O70)
B71: 现金管理系统-监狱管理局-业务数据 | C71: 适用 | D71: × | E71: / | F71: / | G71: 1 | H71: 1 | I71: =IF(C71="不适用","N/A",IF(D71<>"√",0,IF((E71="√")*AND(F71="√"),1,IF((E71<>"√")*AND(F71="√"),0.5*G71,IF((E71="√")*AND(F71<>"√"),0.5*H71,IF((E71<>"√")*AND(F71<>"√"),0.25*G71*H71)))))) | J71: =IF(I71="N/A","不适用",IF(I71=1,"符合",IF(I71=0,"不符合","部分符合"))) | N71: =IF(I71="N/A","N/A",整体测评!O$22/M$62) | O71: =IF(I71="N/A","N/A",I71*N71) | P71: =IF(I71="N/A","N/A",N71-O71)
B72: 现金管理系统-烟草-业务数据 | C72: 适用 | D72: × | E72: / | F72: / | G72: 1 | H72: 1 | I72: =IF(C72="不适用","N/A",IF(D72<>"√",0,IF((E72="√")*AND(F72="√"),1,IF((E72<>"√")*AND(F72="√"),0.5*G72,IF((E72="√")*AND(F72<>"√"),0.5*H72,IF((E72<>"√")*AND(F72<>"√"),0.25*G72*H72)))))) | J72: =IF(I72="N/A","不适用",IF(I72=1,"符合",IF(I72=0,"不符合","部分符合"))) | N72: =IF(I72="N/A","N/A",整体测评!O$22/M$62) | O72: =IF(I72="N/A","N/A",I72*N72) | P72: =IF(I72="N/A","N/A",N72-O72)
B73: 现金管理系统-预售房-业务数据 | C73: 适用 | D73: √ | E73: √ | F73: × | G73: 1 | H73: 1 | I73: =IF(C73="不适用","N/A",IF(D73<>"√",0,IF((E73="√")*AND(F73="√"),1,IF((E73<>"√")*AND(F73="√"),0.5*G73,IF((E73="√")*AND(F73<>"√"),0.5*H73,IF((E73<>"√")*AND(F73<>"√"),0.25*G73*H73)))))) | J73: =IF(I73="N/A","不适用",IF(I73=1,"符合",IF(I73=0,"不符合","部分符合"))) | N73: =IF(I73="N/A","N/A",整体测评!O$22/M$62) | O73: =IF(I73="N/A","N/A",I73*N73) | P73: =IF(I73="N/A","N/A",N73-O73)
B74: 新一代电子不停车收费系统业务数据 | C74: 适用 | D74: × | E74: / | F74: / | G74: 1 | H74: 1 | I74: =IF(C74="不适用","N/A",IF(D74<>"√",0,IF((E74="√")*AND(F74="√"),1,IF((E74<>"√")*AND(F74="√"),0.5*G74,IF((E74="√")*AND(F74<>"√"),0.5*H74,IF((E74<>"√")*AND(F74<>"√"),0.25*G74*H74)))))) | J74: =IF(I74="N/A","不适用",IF(I74=1,"符合",IF(I74=0,"不符合","部分符合"))) | N74: =IF(I74="N/A","N/A",整体测评!O$22/M$62) | O74: =IF(I74="N/A","N/A",I74*N74) | P74: =IF(I74="N/A","N/A",N74-O74)
... B89: 区域客户服务系统-人行账户管控-业务数据 | C89: 适用 | D89: × | E89: / | F89: / | G89: 1 | H89: 1 | I89: =IF(C89="不适用","N/A",IF(D89<>"√",0,IF((E89="√")*AND(F89="√"),1,IF((E89<>"√")*AND(F89="√"),0.5*G89,IF((E89="√")*AND(F89<>"√"),0.5*H89,IF((E89<>"√")*AND(F89<>"√"),0.25*G89*H89)))))) | J89: =IF(I89="N/A","不适用",IF(I89=1,"符合",IF(I89=0,"不符合","部分符合"))) | N89: =IF(I89="N/A","N/A",整体测评!O$22/M$62) | O89: =IF(I89="N/A","N/A",I89*N89) | P89: =IF(I89="N/A","N/A",N89-O89)
B90: 勿删 | C90: 不适用 | G90: 1 | H90: 1 | I90: =IF(C90="不适用","N/A",IF(D90<>"√",0,IF((E90="√")*AND(F90="√"),1,IF((E90<>"√")*AND(F90="√"),0.5*G90,IF((E90="√")*AND(F90<>"√"),0.5*H90,IF((E90<>"√")*AND(F90<>"√"),0.25*G90*H90)))))) | J90: =IF(I90="N/A","不适用",IF(I90=1,"符合",IF(I90=0,"不符合","部分符合"))) | N90: =IF(I90="N/A","N/A",整体测评!O$22/M$62) | O90: =IF(I90="N/A","N/A",I90*N90) | P90: =IF(I90="N/A","N/A",N90-O90)
A91: 重要数据存储完整性 | B91: 外部数据管理系统鉴别数据 | C91: 适用 | D91: × | E91: / | F91: / | G91: 1 | H91: 1 | I91: =IF(C91="不适用","N/A",IF(D91<>"√",0,IF((E91="√")*AND(F91="√"),1,IF((E91<>"√")*AND(F91="√"),0.5*G91,IF((E91="√")*AND(F91<>"√"),0.5*H91,IF((E91<>"√")*AND(F91<>"√"),0.25*G91*H91)))))) | J91: =IF(I91="N/A","不适用",IF(I91=1,"符合",IF(I91=0,"不符合","部分符合"))) | K91: =IF(COUNTIF($I91:$I109,"N/A")=COUNTA($I91:$I109),"N/A",AVERAGE($I91:$I109)) | L91: =IF(K91="N/A","不适用",IF(K91=1,"符合",IF(K91=0,"不符合","部分符合"))) | M91: =(COUNTA($C91:$C109)-COUNTIF($C91:$C109,"不适用")) | N91: =IF(I91="N/A","N/A",整体测评!O$23/M$91) | O91: =IF(I91="N/A","N/A",I91*N91) | P91: =IF(I91="N/A","N/A",N91-O91)
B92: 外部数据管理系统业务数据 | C92: 适用 | D92: × | E92: / | F92: / | G92: 1 | H92: 1 | I92: =IF(C92="不适用","N/A",IF(D92<>"√",0,IF((E92="√")*AND(F92="√"),1,IF((E92<>"√")*AND(F92="√"),0.5*G92,IF((E92="√")*AND(F92<>"√"),0.5*H92,IF((E92<>"√")*AND(F92<>"√"),0.25*G92*H92)))))) | J92: =IF(I92="N/A","不适用",IF(I92=1,"符合",IF(I92=0,"不符合","部分符合"))) | N92: =IF(I92="N/A","N/A",整体测评!O$23/M$91) | O92: =IF(I92="N/A","N/A",I92*N92) | P92: =IF(I92="N/A","N/A",N92-O92)
B93: 智慧社保系统业务数据 | C93: 适用 | D93: × | E93: / | F93: / | G93: 1 | H93: 1 | I93: =IF(C93="不适用","N/A",IF(D93<>"√",0,IF((E93="√")*AND(F93="√"),1,IF((E93<>"√")*AND(F93="√"),0.5*G93,IF((E93="√")*AND(F93<>"√"),0.5*H93,IF((E93<>"√")*AND(F93<>"√"),0.25*G93*H93)))))) | J93: =IF(I93="N/A","不适用",IF(I93=1,"符合",IF(I93=0,"不符合","部分符合"))) | N93: =IF(I93="N/A","N/A",整体测评!O$23/M$91) | O93: =IF(I93="N/A","N/A",I93*N93) | P93: =IF(I93="N/A","N/A",N93-O93)
B94: 个贷普惠系统业务数据 | C94: 适用 | D94: × | E94: / | F94: / | G94: 1 | H94: 1 | I94: =IF(C94="不适用","N/A",IF(D94<>"√",0,IF((E94="√")*AND(F94="√"),1,IF((E94<>"√")*AND(F94="√"),0.5*G94,IF((E94="√")*AND(F94<>"√"),0.5*H94,IF((E94<>"√")*AND(F94<>"√"),0.25*G94*H94)))))) | J94: =IF(I94="N/A","不适用",IF(I94=1,"符合",IF(I94=0,"不符合","部分符合"))) | N94: =IF(I94="N/A","N/A",整体测评!O$23/M$91) | O94: =IF(I94="N/A","N/A",I94*N94) | P94: =IF(I94="N/A","N/A",N94-O94)
B95: 代理财政集中收付系统业务数据 | C95: 适用 | D95: × | E95: / | F95: / | G95: 1 | H95: 1 | I95: =IF(C95="不适用","N/A",IF(D95<>"√",0,IF((E95="√")*AND(F95="√"),1,IF((E95<>"√")*AND(F95="√"),0.5*G95,IF((E95="√")*AND(F95<>"√"),0.5*H95,IF((E95<>"√")*AND(F95<>"√"),0.25*G95*H95)))))) | J95: =IF(I95="N/A","不适用",IF(I95=1,"符合",IF(I95=0,"不符合","部分符合"))) | N95: =IF(I95="N/A","N/A",整体测评!O$23/M$91) | O95: =IF(I95="N/A","N/A",I95*N95) | P95: =IF(I95="N/A","N/A",N95-O95)
B96: 智慧缴费系统-吴忠热-业务数据 | C96: 适用 | D96: × | E96: / | F96: / | G96: 1 | H96: 1 | I96: =IF(C96="不适用","N/A",IF(D96<>"√",0,IF((E96="√")*AND(F96="√"),1,IF((E96<>"√")*AND(F96="√"),0.5*G96,IF((E96="√")*AND(F96<>"√"),0.5*H96,IF((E96<>"√")*AND(F96<>"√"),0.25*G96*H96)))))) | J96: =IF(I96="N/A","不适用",IF(I96=1,"符合",IF(I96=0,"不符合","部分符合"))) | N96: =IF(I96="N/A","N/A",整体测评!O$23/M$91) | O96: =IF(I96="N/A","N/A",I96*N96) | P96: =IF(I96="N/A","N/A",N96-O96)
B97: 智慧缴费系统-吴忠水发-业务数据 | C97: 适用 | D97: × | E97: / | F97: / | G97: 1 | H97: 1 | I97: =IF(C97="不适用","N/A",IF(D97<>"√",0,IF((E97="√")*AND(F97="√"),1,IF((E97<>"√")*AND(F97="√"),0.5*G97,IF((E97="√")*AND(F97<>"√"),0.5*H97,IF((E97<>"√")*AND(F97<>"√"),0.25*G97*H97)))))) | J97: =IF(I97="N/A","不适用",IF(I97=1,"符合",IF(I97=0,"不符合","部分符合"))) | N97: =IF(I97="N/A","N/A",整体测评!O$23/M$91) | O97: =IF(I97="N/A","N/A",I97*N97) | P97: =IF(I97="N/A","N/A",N97-O97)
B98: 智慧缴费系统-高速-业务数据 | C98: 适用 | D98: × | E98: / | F98: / | G98: 1 | H98: 1 | I98: =IF(C98="不适用","N/A",IF(D98<>"√",0,IF((E98="√")*AND(F98="√"),1,IF((E98<>"√")*AND(F98="√"),0.5*G98,IF((E98="√")*AND(F98<>"√"),0.5*H98,IF((E98<>"√")*AND(F98<>"√"),0.25*G98*H98)))))) | J98: =IF(I98="N/A","不适用",IF(I98=1,"符合",IF(I98=0,"不符合","部分符合"))) | N98: =IF(I98="N/A","N/A",整体测评!O$23/M$91) | O98: =IF(I98="N/A","N/A",I98*N98) | P98: =IF(I98="N/A","N/A",N98-O98)
B99: 现金管理系统-国电-业务数据 | C99: 适用 | D99: × | E99: / | F99: / | G99: 1 | H99: 1 | I99: =IF(C99="不适用","N/A",IF(D99<>"√",0,IF((E99="√")*AND(F99="√"),1,IF((E99<>"√")*AND(F99="√"),0.5*G99,IF((E99="√")*AND(F99<>"√"),0.5*H99,IF((E99<>"√")*AND(F99<>"√"),0.25*G99*H99)))))) | J99: =IF(I99="N/A","不适用",IF(I99=1,"符合",IF(I99=0,"不符合","部分符合"))) | N99: =IF(I99="N/A","N/A",整体测评!O$23/M$91) | O99: =IF(I99="N/A","N/A",I99*N99) | P99: =IF(I99="N/A","N/A",N99-O99)
B100: 现金管理系统-监狱管理局-业务数据 | C100: 适用 | D100: × | E100: / | F100: / | G100: 1 | H100: 1 | I100: =IF(C100="不适用","N/A",IF(D100<>"√",0,IF((E100="√")*AND(F100="√"),1,IF((E100<>"√")*AND(F100="√"),0.5*G100,IF((E100="√")*AND(F100<>"√"),0.5*H100,IF((E100<>"√")*AND(F100<>"√"),0.25*G100*H100)))))) | J100: =IF(I100="N/A","不适用",IF(I100=1,"符合",IF(I100=0,"不符合","部分符合"))) | N100: =IF(I100="N/A","N/A",整体测评!O$23/M$91) | O100: =IF(I100="N/A","N/A",I100*N100) | P100: =IF(I100="N/A","N/A",N100-O100)
B101: 现金管理系统-烟草-业务数据 | C101: 适用 | D101: × | E101: / | F101: / | G101: 1 | H101: 1 | I101: =IF(C101="不适用","N/A",IF(D101<>"√",0,IF((E101="√")*AND(F101="√"),1,IF((E101<>"√")*AND(F101="√"),0.5*G101,IF((E101="√")*AND(F101<>"√"),0.5*H101,IF((E101<>"√")*AND(F101<>"√"),0.25*G101*H101)))))) | J101: =IF(I101="N/A","不适用",IF(I101=1,"符合",IF(I101=0,"不符合","部分符合"))) | N101: =IF(I101="N/A","N/A",整体测评!O$23/M$91) | O101: =IF(I101="N/A","N/A",I101*N101) | P101: =IF(I101="N/A","N/A",N101-O101)
B102: 现金管理系统-预售房-业务数据 | C102: 适用 | D102: × | E102: / | F102: / | G102: 1 | H102: 1 | I102: =IF(C102="不适用","N/A",IF(D102<>"√",0,IF((E102="√")*AND(F102="√"),1,IF((E102<>"√")*AND(F102="√"),0.5*G102,IF((E102="√")*AND(F102<>"√"),0.5*H102,IF((E102<>"√")*AND(F102<>"√"),0.25*G102*H102)))))) | J102: =IF(I102="N/A","不适用",IF(I102=1,"符合",IF(I102=0,"不符合","部分符合"))) | N102: =IF(I102="N/A","N/A",整体测评!O$23/M$91) | O102: =IF(I102="N/A","N/A",I102*N102) | P102: =IF(I102="N/A","N/A",N102-O102)
B103: 新一代电子不停车收费系统业务数据 | C103: 适用 | D103: × | E103: / | F103: / | G103: 1 | H103: 1 | I103: =IF(C103="不适用","N/A",IF(D103<>"√",0,IF((E103="√")*AND(F103="√"),1,IF((E103<>"√")*AND(F103="√"),0.5*G103,IF((E103="√")*AND(F103<>"√"),0.5*H103,IF((E103<>"√")*AND(F103<>"√"),0.25*G103*H103)))))) | J103: =IF(I103="N/A","不适用",IF(I103=1,"符合",IF(I103=0,"不符合","部分符合"))) | N103: =IF(I103="N/A","N/A",整体测评!O$23/M$91) | O103: =IF(I103="N/A","N/A",I103*N103) | P103: =IF(I103="N/A","N/A",N103-O103)
... B109: 勿删 | C109: 不适用 | D109: √ | E109: √ | F109: √ | G109: 1 | H109: 1 | I109: =IF(C109="不适用","N/A",IF(D109<>"√",0,IF((E109="√")*AND(F109="√"),1,IF((E109<>"√")*AND(F109="√"),0.5*G109,IF((E109="√")*AND(F109<>"√"),0.5*H109,IF((E109<>"√")*AND(F109<>"√"),0.25*G109*H109)))))) | J109: =IF(I109="N/A","不适用",IF(I109=1,"符合",IF(I109=0,"不符合","部分符合"))) | N109: =IF(I109="N/A","N/A",整体测评!O$23/M$91) | O109: =IF(I109="N/A","N/A",I109*N109) | P109: =IF(I109="N/A","N/A",N109-O109)
A110: 不可否认性 | B110: 中国建设银行宁夏区分行特色系统 | C110: 不适用 | D110: / | E110: / | F110: / | G110: 1 | H110: 1 | I110: =IF(C110="不适用","N/A",IF(D110<>"√",0,IF((E110="√")*AND(F110="√"),1,IF((E110<>"√")*AND(F110="√"),0.5*G110,IF((E110="√")*AND(F110<>"√"),0.5*H110,IF((E110<>"√")*AND(F110<>"√"),0.25*G110*H110)))))) | J110: =IF(I110="N/A","不适用",IF(I110=1,"符合",IF(I110=0,"不符合","部分符合"))) | K110: =IF(COUNTIF($I110:$I111,"N/A")=COUNTA($I110:$I111),"N/A",AVERAGE($I110:$I111)) | L110: =IF(K110="N/A","不适用",IF(K110=1,"符合",IF(K110=0,"不符合","部分符合"))) | M110: =(COUNTA($C110:$C111)-COUNTIF($C110:$C111,"不适用")) | N110: =IF(I110="N/A","N/A",整体测评!O$24/M$110) | O110: =IF(I110="N/A","N/A",I110*N110) | P110: =IF(I110="N/A","N/A",N110-O110)
B111: 勿删 | C111: 不适用 | G111: 1 | H111: 1 | I111: =IF(C111="不适用","N/A",IF(D111<>"√",0,IF((E111="√")*AND(F111="√"),1,IF((E111<>"√")*AND(F111="√"),0.5*G111,IF((E111="√")*AND(F111<>"√"),0.5*H111,IF((E111<>"√")*AND(F111<>"√"),0.25*G111*H111)))))) | J111: =IF(I111="N/A","不适用",IF(I111=1,"符合",IF(I111=0,"不符合","部分符合"))) | N111: =IF(I111="N/A","N/A",整体测评!O$24/M$110) | O111: =IF(I111="N/A","N/A",I111*N111) | P111: =IF(I111="N/A","N/A",N111-O111)

Sheet 5管理制度
A1: 序号 | B1: 测评对象 | C1: 测评指标符合情况（符合/部分符合/不符合/不适用）
C2: 具备密码应用安全管理制度 | D2: 密钥管理规则 | E2: 建立操作规程 | F2: 定期修订安全管理制度 | G2: 明确管理制度发布流程 | H2: 制度执行过程记录留存
A3: 1 | B3: 管理体系（包括安全管理制度类文档、密码应用方案、密钥管理制度及策略类文档、操作规程类文档、记录表单类文档、系统相关人员） | C3: 1 | D3: 1 | E3: 1 | F3: 1 | G3: 1 | H3: 1
A4: 测评单元得分Si,j | C4: =C$3 | D4: =D$3 | E4: =E$3 | F4: =F$3 | G4: =G$3 | H4: =H$3
A5: 单元测评结果（符合/部分符合/不符合/不适用） | C5: =IF(C$3="N/A","不适用",IF(C$3=1,"符合",IF(C$3=0,"不符合","部分符合"))) | D5: =IF(D$3="N/A","不适用",IF(D$3=1,"符合",IF(D$3=0,"不符合","部分符合"))) | E5: =IF(E$3="N/A","不适用",IF(E$3=1,"符合",IF(E$3=0,"不符合","部分符合"))) | F5: =IF(F$3="N/A","不适用",IF(F$3=1,"符合",IF(F$3=0,"不符合","部分符合"))) | G5: =IF(G$3="N/A","不适用",IF(G$3=1,"符合",IF(G$3=0,"不符合","部分符合"))) | H5: =IF(H$3="N/A","不适用",IF(H$3=1,"符合",IF(H$3=0,"不符合","部分符合")))
B6: 所占分值 | C6: =IF(C5="不适用","N/A",整体测评!$O25) | D6: =IF(D5="不适用","N/A",整体测评!$O26) | E6: =IF(E5="不适用","N/A",整体测评!$O27) | F6: =IF(F5="不适用","N/A",整体测评!$O28) | G6: =IF(G5="不适用","N/A",整体测评!$O29) | H6: =IF(H5="不适用","N/A",整体测评!$O30)
B7: 已得分值 | C7: =IF(C5="不适用","N/A",C4*C6) | D7: =IF(D5="不适用","N/A",D4*D6) | E7: =IF(E5="不适用","N/A",E4*E6) | F7: =IF(F5="不适用","N/A",F4*F6) | G7: =IF(G5="不适用","N/A",G4*G6) | H7: =IF(H5="不适用","N/A",H4*H6)
B8: 丢失分值 | C8: =IF(C5="不适用","N/A",C6-C7) | D8: =IF(D5="不适用","N/A",D6-D7) | E8: =IF(E5="不适用","N/A",E6-E7) | F8: =IF(F5="不适用","N/A",F6-F7) | G8: =IF(G5="不适用","N/A",G6-G7) | H8: =IF(H5="不适用","N/A",H6-H7)

Sheet 6人员管理
A1: 序号 | B1: 测评对象 | C1: 测评指标符合情况（符合/部分符合/不符合/不适用）
C2: 了解并遵守密码相关法律法规和密码管理制度 | D2: 建立密码应用岗位责任制度 | E2: 建立上岗人员培训制度 | F2: 定期进行安全岗位人员考核 | G2: 建立关键岗位人员保密制度和调离制度
A3: 1 | B3: 管理体系（包括安全管理制度类文档、记录表单类文档、系统相关人员） | C3: 1 | D3: 1 | E3: 1 | F3: 1 | G3: 1
A4: 测评单元得分Si,j | C4: =C$3 | D4: =D$3 | E4: =E$3 | F4: =F$3 | G4: =G$3
A5: 单元测评结果（符合/部分符合/不符合/不适用） | C5: =IF(C$3="N/A","不适用",IF(C$3=1,"符合",IF(C$3=0,"不符合","部分符合"))) | D5: =IF(D$3="N/A","不适用",IF(D$3=1,"符合",IF(D$3=0,"不符合","部分符合"))) | E5: =IF(E$3="N/A","不适用",IF(E$3=1,"符合",IF(E$3=0,"不符合","部分符合"))) | F5: =IF(F$3="N/A","不适用",IF(F$3=1,"符合",IF(F$3=0,"不符合","部分符合"))) | G5: =IF(G$3="N/A","不适用",IF(G$3=1,"符合",IF(G$3=0,"不符合","部分符合")))
B6: 所占分值 | C6: =IF(C5="不适用","N/A",整体测评!$O31) | D6: =IF(D5="不适用","N/A",整体测评!$O32) | E6: =IF(E5="不适用","N/A",整体测评!$O33) | F6: =IF(F5="不适用","N/A",整体测评!$O34) | G6: =IF(G5="不适用","N/A",整体测评!$O35)
B7: 已得分值 | C7: =IF(C5="不适用","N/A",C4*C6) | D7: =IF(D5="不适用","N/A",D4*D6) | E7: =IF(E5="不适用","N/A",E4*E6) | F7: =IF(F5="不适用","N/A",F4*F6) | G7: =IF(G5="不适用","N/A",G4*G6)
B8: 丢失分值 | C8: =IF(C5="不适用","N/A",C6-C7) | D8: =IF(D5="不适用","N/A",D6-D7) | E8: =IF(E5="不适用","N/A",E6-E7) | F8: =IF(F5="不适用","N/A",F6-F7) | G8: =IF(G5="不适用","N/A",G6-G7)

Sheet 7建设运行
A1: 序号 | B1: 测评对象 | C1: 测评指标符合情况（符合/部分符合/不符合/不适用）
C2: 制定密码应用方案 | D2: 制定密钥安全管理策略 | E2: 制定实施方案 | F2: 投入运行前进行密码应用安全性评估 | G2: 定期开展密码应用安全性评估及攻防对抗演习
A3: 1 | B3: 密码应用方案、密钥管理制度及策略类文档、密码实施方案、密码应用安全性评估报告、密码应用安全管理制度、攻防对抗演习报告、整改文档 | C3: 1 | D3: 1 | E3: 0.5 | F3: 0 | G3: 0.5
A4: 测评单元得分Si,j | C4: =C$3 | D4: =D$3 | E4: =E$3 | F4: =F$3 | G4: =G$3
A5: 单元测评结果（符合/部分符合/不符合/不适用） | C5: =IF(COUNTIF(C$3:C$4,"N/A")=COUNTA(C$3:C$4),"不适用",IF(SUM(C$3:C$4)=COUNTA(C$3:C$4)-COUNTIF(C$3:C$4,"N/A"),"符合",IF(SUM(C$3:C$4)=0,"不符合","部分符合"))) | D5: =IF(COUNTIF(D$3:D$4,"N/A")=COUNTA(D$3:D$4),"不适用",IF(SUM(D$3:D$4)=COUNTA(D$3:D$4)-COUNTIF(D$3:D$4,"N/A"),"符合",IF(SUM(D$3:D$4)=0,"不符合","部分符合"))) | E5: =IF(COUNTIF(E$3:E$4,"N/A")=COUNTA(E$3:E$4),"不适用",IF(SUM(E$3:E$4)=COUNTA(E$3:E$4)-COUNTIF(E$3:E$4,"N/A"),"符合",IF(SUM(E$3:E$4)=0,"不符合","部分符合"))) | F5: =IF(COUNTIF(F$3:F$4,"N/A")=COUNTA(F$3:F$4),"不适用",IF(SUM(F$3:F$4)=COUNTA(F$3:F$4)-COUNTIF(F$3:F$4,"N/A"),"符合",IF(SUM(F$3:F$4)=0,"不符合","部分符合"))) | G5: =IF(COUNTIF(G$3:G$4,"N/A")=COUNTA(G$3:G$4),"不适用",IF(SUM(G$3:G$4)=COUNTA(G$3:G$4)-COUNTIF(G$3:G$4,"N/A"),"符合",IF(SUM(G$3:G$4)=0,"不符合","部分符合")))
B6: 所占分值 | C6: =IF(C5="不适用","N/A",整体测评!$O36) | D6: =IF(D5="不适用","N/A",整体测评!$O37) | E6: =IF(E5="不适用","N/A",整体测评!$O38) | F6: =IF(F5="不适用","N/A",整体测评!$O39) | G6: =IF(G5="不适用","N/A",整体测评!$O40)
B7: 已得分值 | C7: =IF(C5="不适用","N/A",C4*C6) | D7: =IF(D5="不适用","N/A",D4*D6) | E7: =IF(E5="不适用","N/A",E4*E6) | F7: =IF(F5="不适用","N/A",F4*F6) | G7: =IF(G5="不适用","N/A",G4*G6)
B8: 丢失分值 | C8: =IF(C5="不适用","N/A",C6-C7) | D8: =IF(D5="不适用","N/A",D6-D7) | E8: =IF(E5="不适用","N/A",E6-E7) | F8: =IF(F5="不适用","N/A",F6-F7) | G8: =IF(G5="不适用","N/A",G6-G7)

Sheet 8应急处置
A1: 序号 | B1: 测评对象 | C1: 测评指标符合情况（符合/部分符合/不符合/不适用）
C2: 应急策略 | D2: 事件处置 | E2: 向有关主管部门上报处置情况
A3: 1 | B3: 管理体系（包括密码应用应急处置方案、应急处置记录类文档、安全事件发生情况及处置情况报告、系统相关人员） | C3: 1 | D3: 1 | E3: 1
A4: 测评单元得分Si,j | C4: =C$3 | D4: =D$3 | E4: =E$3
A5: 单元测评结果（符合/部分符合/不符合/不适用） | C5: =IF(C$3="N/A","不适用",IF(C$3=1,"符合",IF(C$3=0,"不符合","部分符合"))) | D5: =IF(D$3="N/A","不适用",IF(D$3=1,"符合",IF(D$3=0,"不符合","部分符合"))) | E5: =IF(E$3="N/A","不适用",IF(E$3=1,"符合",IF(E$3=0,"不符合","部分符合")))
B6: 所占分值 | C6: =IF(C5="不适用","N/A",整体测评!$O41) | D6: =IF(D5="不适用","N/A",整体测评!$O42) | E6: =IF(E5="不适用","N/A",整体测评!$O43)
B7: 已得分值 | C7: =IF(C5="不适用","N/A",C4*C6) | D7: =IF(D5="不适用","N/A",D4*D6) | E7: =IF(E5="不适用","N/A",E4*E6)
B8: 丢失分值 | C8: =IF(C5="不适用","N/A",C6-C7) | D8: =IF(D5="不适用","N/A",D6-D7) | E8: =IF(E5="不适用","N/A",E6-E7)
